date;hour;production;;H0;H1;H2;H3;H4;H5;H6;H7;H8;H9;H10;H11;H12;H13;H14;H15;H16;H17;H18;H19;H20;H21;H22;H23
1.01.2022;0;0;;0;0;0;0;0;0;0;0;3.4;6.8;9.38;7.65;6.8;5.1;5.1;1.7;0;0;0;0;0;0;0;0
2.01.2022;0;0;;0;0;0;0;0;0;0;0;0;0.85;0.85;0.85;1.7;1.7;5.1;0.85;0;0;0;0;0;0;0;0
3.01.2022;0;0;;0;0;0;0;0;0;0;0.85;5.1;9.35;9.35;10.2;10.2;9.35;7.65;4.25;0;0;0;0;0;0;0;0
4.01.2022;0;0;;0;0;0;0;0;0;0;0;0.85;4.25;5.95;5.95;4.25;5.95;5.95;3.4;0.85;0;0;0;0;0;0;0
5.01.2022;0;0;;0;0;0;0;0;0;0;0;4.25;8.5;10.2;9.35;10.2;9.35;8.5;3.4;0;0;0;0;0;0;0;0
6.01.2022;0;0;;0;0;0;0;0;0;0;0.85;5.1;9.35;9.35;10.2;10.2;9.35;7.65;3.4;0.85;0;0;0;0;0;0;0
7.01.2022;0;0;;0;0;0;0;0;0;0;0;1.7;3.4;7.65;9.35;5.95;5.1;4.25;2.55;0;0;0;0;0;0;0;0
8.01.2022;0;0;;0;0;0;0;0;0;0;0;5.1;8.5;10.2;9.35;10.2;9.35;7.65;4.25;0;0;0;0;0;0;0;0
9.01.2022;0;0;;0;0;0;0;0;0;0;0;4.25;9.35;8.5;8.88;5.11;7.65;5.1;4.25;0;0;0;0;0;0;0;0
10.01.2022;0;0;;0;0;0;0;0;0;0;0;0;1.7;0.85;5.95;6.8;9.35;7.65;2.55;0.85;0;0;0;0;0;0;0
11.01.2022;0;0;;0;0;0;0;0;0;0;0;4.25;3.4;2.55;0.85;1.7;6.8;4.25;0.85;0.85;0;0;0;0;0;0;0
12.01.2022;0;0;;0;0;0;0;0;0;0;0;0.85;0.85;1.7;1.7;0.85;0;0.85;0;0;0;0;0;0;0;0;0
13.01.2022;0;0;;0;0;0;0;0;0;0;0;0;0.85;1.7;1.7;0.85;0;0.85;0;0;0;0;0;0;0;0;0
14.01.2022;0;0;;0;0;0;0;0;0;0;0;0;0.85;0.85;1.7;0.85;1.7;1.7;0.85;0;0;0;0;0;0;0;0
15.01.2022;0;0;;0;0;0;0;0;0;0;0;1.8;3.77;7.21;4.84;9.97;9.9;7.04;8.45;4.25;0;0;0;0;0;0;0
16.01.2022;0;0;;0;0;0;0;0;0;0;0;0.85;0.85;2.55;2.55;0.85;2.55;1.7;1.7;0;0;0;0;0;0;0;0
17.01.2022;0;0;;0;0;0;0;0;0;0;0;0;1.7;4.25;5.1;5.95;7.65;6.8;4.25;0.85;0;0;0;0;0;0;0
18.01.2022;0;0;;0;0;0;0;0;0;0;0.85;2.55;2.55;2.55;3.4;5.1;2.55;1.7;0;0;0;0;0;0;0;0;0
19.01.2022;0;0;;0;0;0;0;0;0;0;0;0;0.85;1.7;1.7;3.4;5.1;3.4;1.7;0;0;0;0;0;0;0;0
20.01.2022;0;0;;0;0;0;0;0;0;0;0.85;0.85;2.55;5.1;8.5;7.65;6.81;4.25;0.85;0;0;0;0;0;0;0;0
21.01.2022;0;0;;0;0;0;0;0;0;0;0.85;5.1;8.51;9.35;10.2;10.2;10.2;8.5;5.95;0;0;0;0;0;0;0;0
22.01.2022;0;0;;0;0;0;0;0;0;0;0.85;1.7;3.4;4.25;3.4;5.1;2.55;2.55;3.4;0;0;0;0;0;0;0;0
23.01.2022;0;0;;0;0;0;0;0;0;0;0;0;0;0;0;0.85;0;0;0;0;0;0;0;0;0;0;0
24.01.2022;0;0;;0;0;0;0;0;0;0;0;0;0;0;0;0;0.85;0;0.85;0;0;0;0;0;0;0;0
25.01.2022;0;0;;0;0;0;0;0;0;0;0;0;0;0;0;0.85;0.85;0;0;0;0;0;0;0;0;0;0
26.01.2022;0;0;;0;0;0;0;0;0;0;0;0;0;0;0;0.85;0;0;0;0;0;0;0;0;0;0;0
27.01.2022;0;0;;0;0;0;0;0;0;0;0;0;0;0;0;0;0;0;0;0;0;0;0;0;0;0;0
28.01.2022;0;0;;0;0;0;0;0;0;0;0;0;0;0;0;0;0.85;0;0;0;0;0;0;0;0;0;0
29.01.2022;0;0;;0;0;0;0;0;0;0;0;0;0;0;0;0;0.85;0.85;0;0;0;0;0;0;0;0;0
30.01.2022;0;0;;0;0;0;0;0;0;0;0;0;0;0;0;0.85;0.85;0.85;0.91;0.85;0;0;0;0;0;0;0
31.01.2022;0;0;;0;0;0;0;0;0;0;0;0;0;0;0;0;1.7;2.62;1.71;1.71;0;0;0;0;0;0;0
1.02.2022;0;0;;0;0;0;0;0;0;0;0.85;1.97;4.48;5.99;7.22;8.67;9.06;8.73;2.88;9;0;0;0;0;0;0;0
2.02.2022;0;0;;0;0;0;0;0;0;0;0;3.53;5.62;6.18;8.8;10.38;8.04;6.15;4.42;0.85;0;0;0;0;0;0;0
3.02.2022;0;0;;0;0;0;0;0;0;0;0.85;1.7;3.42;5.16;5.11;5.2;3.68;2.59;1.7;0;0;0;0;0;0;0;0
4.02.2022;0;0;;0;0;0;0;0;0;0;0;1.71;2.83;5.12;6.27;4.56;2.76;1.72;0.85;0;0;0;0;0;0;0;0
5.02.2022;0;0;;0;0;0;0;0;0;0;0;0.87;2.65;8.02;10.16;9.35;10.22;9.43;6.91;2.43;0;0;0;0;0;0;0
6.02.2022;0;0;;0;0;0;0;0;0;0;1.77;7.15;9.4;9.45;9.92;9.59;8.75;5.47;2.81;0.85;0;0;0;0;0;0;0
7.02.2022;0;0;;0;0;0;0;0;0;0;2.72;6.92;9.39;10.22;10.24;9.37;10.37;7.94;4.93;1.75;0;0;0;0;0;0;0
8.02.2022;0;0;;0;0;0;0;0;0;0;2.28;4.45;9.04;10.2;10.35;7.98;9.63;8.05;2.67;0.89;0;0;0;0;0;0;0
9.02.2022;0;0;;0;0;0;0;0;0;0;0;0;1.01;1.72;1.73;1.77;1.92;1.81;0.85;0.87;0;0;0;0;0;0;0
10.02.2022;0;0;;0;0;0;0;0;0;0;0;0.85;0.85;0.85;1.7;3.74;3.09;1.71;1.71;0;0;0;0;0;0;0;0
11.02.2022;0;0;;0;0;0;0;0;0;0;0;6.06;8.59;10.24;9.41;10.23;10.23;9.41;7.25;2.58;0;0;0;0;0;0;0
12.02.2022;0;0;;0;0;0;0;0;0;0;2.78;7.9;9.37;10.22;10.21;9.35;10.21;9.42;7.11;2.87;0.85;0;0;0;0;0;0
13.02.2022;0;0;;0;0;0;0;0;0;0;2.95;6.44;9.2;9.55;10.27;9.72;8.05;6.62;5.53;0.86;0;0;0;0;0;0;0
14.02.2022;0;0;;0;0;0;0;0;0;0;1.79;6.2;10.22;9.36;7.51;5.74;4.93;2.56;0.87;0;0;0;0;0;0;0;0
15.02.2022;0;0;;0;0;0;0;0;0;0;0;1.7;4.25;4.31;7;8.1;8.84;8.67;2.9;0.94;0.85;0;0;0;0;0;0
16.02.2022;0;0;;0;0;0;0;0;0;0;0;1.7;3.5;5.14;6.03;6.5;6.56;5.85;2.58;0.87;0;0;0;0;0;0;0
17.02.2022;0;0;;0;0;0;0;0;0;0;1.77;5.86;8.95;10.03;9.53;10.24;8.04;8.69;5.29;1.99;0.85;0;0;0;0;0;0
18.02.2022;0;0;;0;0;0;0;0;0;0;2.6;5.9;8.26;10.4;9.52;10.23;9.38;9.06;4.48;0.85;0;0;0;0;0;0;0
19.02.2022;0;0;;0;0;0;0;0;0;0;0.88;1.7;3.68;3.61;4.62;3.47;3.42;2.55;1.77;0;0;0;0;0;0;0;0
20.02.2022;0;0;;0;0;0;0;0;0;0;0;2.55;4.45;7.52;9.49;10.23;9.67;9.48;7.24;2.81;0.87;0;0;0;0;0;0
21.02.2022;0;0;;0;0;0;0;0;0;0;0;4.41;6.9;7.12;7.99;9.03;9.44;8.95;6.18;2.77;0;0;0;0;0;0;0
22.02.2022;0;0;;0;0;0;0;0;0;0;8.9;7;9.55;8.78;8.83;5.62;4.59;4.6;2.61;0.28;0;0;0;0;0;0;0
23.02.2022;0;0;;0;0;0;0;0;0;0;0;7.04;10.33;9.35;10.23;10.21;9.37;10.3;5.72;3;0;0;0;0;0;0;0
24.02.2022;0;0;;0;0;0;0;0;0;0;0;6.45;5.64;9.59;9.01;5.18;4.68;6.99;5.41;0.64;0;0;0;0;0;0;0
25.02.2022;0;0;;0;0;0;0;0;0;0;0;3.98;8.41;3.66;5.71;7.16;3.68;0.9;2.08;1.71;0;0;0;0;0;0;0
26.02.2022;0;0;;0;0;0;0;0;0;0;0;4.5;2.77;3.63;4.53;4.68;3.43;2.67;0.85;0.85;0;0;0;0;0;0;0
27.02.2022;0;0;;0;0;0;0;0;0;0;0.85;1.72;5.58;9.85;4.67;6.28;7.75;4.62;4.48;1.77;0;0;0;0;0;0;0
28.02.2022;0;0;;0;0;0;0;0;0;0;2.62;7.26;8.71;9.45;9.41;6.13;6.44;3.77;1.79;0.85;0;0;0;0;0;0;0
1.03.2022;0;0;;0;0;0;0;0;0;0;0;0.89;3.16;2.8;3.52;2.77;4;2.92;1.73;1.71;0;0;0;0;0;0;0
2.03.2022;0;0;;0;0;0;0;0;0;0;2.74;5.66;4.71;5.44;8.19;5.51;1.74;2.83;0.86;0.85;0;0;0;0;0;0;0
3.03.2022;0;0;;0;0;0;0;0;0;0.85;0.89;6.01;7.08;0.87;1.81;3.51;2.7;1.71;0.88;0.86;0;0;0;0;0;0;0
4.03.2022;0;0;;0;0;0;0;0;0;0;0.85;3.66;8.21;10.27;9.9;9.36;7.27;8.16;5.71;0.87;0;0;0;0;0;0;0
5.03.2022;0;0;;0;0;0;0;0;0;0.87;4.64;5.84;9.68;10.21;10.21;9.35;10.22;7.52;4.47;3.81;0;0;0;0;0;0;0
6.03.2022;0;0;;0;0;0;0;0;0;0;0.85;1.75;2.73;4.5;5.92;4.83;5.53;6.18;4.43;1.85;0.85;0;0;0;0;0;0
7.03.2022;0;0;;0;0;0;0;0;0;0;4.74;7.83;9.39;10.21;10.24;8.75;4.58;7.26;5.42;1.7;0;0;0;0;0;0;0
8.03.2022;0;0;;0;0;0;0;0;0;0;1.7;4.38;5.34;8.07;4.52;7.27;5.7;7.01;4.41;0.89;0.85;0;0;0;0;0;0
9.03.2022;0;0;;0;0;0;0;0;0;0;0;1.75;2.65;2.74;5.35;2.56;1.71;0;0;0;0;0;0;0;0;0;0
10.03.2022;0;0;;0;0;0;0;0;0;0;0;0;0;0.15;0;0.85;0.85;1.71;0.86;0.85;0;0;0;0;0;0;0
11.03.2022;0;0;;0;0;0;0;0;0;0;0;0;0;0.85;0.85;2.66;1.7;1.81;0.85;0.86;0;0;0;0;0;0;0
12.03.2022;0;0;;0;0;0;0;0;0;0;0;1.7;3.45;4.4;4.23;5.99;5.88;6.6;5.41;3.57;0;0;0;0;0;0;0
13.03.2022;0;0;;0;0;0;0;0;0;0;2.69;3.69;6.23;8.82;8.92;8.24;7.29;4.55;3.42;1.7;0.86;0;0;0;0;0;0
14.03.2022;0;0;;0;0;0;0;0;0;0.86;2.58;7.1;9.39;10.23;8.78;9.3;8.88;7.2;5.7;0.81;0;0;0;0;0;0;0
15.03.2022;0;0;;0;0;0;0;0;0;0.85;3.45;6.1;9.67;9.86;9.36;8.93;10.22;8.08;6.19;1.73;0.85;0;0;0;0;0;0
16.03.2022;0;0;;0;0;0;0;0;0;0;2.57;7.43;9.46;10.22;10.26;9.35;10.23;10.22;8.16;3.91;0;0;0;0;0;0;0
17.03.2022;0;0;;0;0;0;0;0;0;0.85;0.85;1.7;2.89;8.19;8.11;4.82;6.31;6.03;2.77;2.67;0;0;0;0;0;0;0
18.03.2022;0;0;;0;0;0;0;0;0;0;2.08;1.89;4.53;9.7;9.59;8.99;7.62;9.04;3.91;4.75;0;0;0;0;0;0;0
19.03.2022;0;0;;0;0;0;0;0;0;0;2.59;6.14;9.84;10.24;9.66;9.5;8.58;9.38;5.54;0.85;0;0;0;0;0;0;0
20.03.2022;0;0;;0;0;0;0;0;0;0;0;0;0.85;1.72;4.55;8.64;9.54;8.79;7.93;3.5;0.89;0;0;0;0;0;0
21.03.2022;0;0;;0;0;0;0;0;0;0;2.77;7.6;6.5;8.94;8.47;9.24;8.27;6.55;8.43;4.49;1.07;0;0;0;0;0;0
22.03.2022;0;0;;0;0;0;0;0;0;0;3.58;8.18;9.67;9.38;10.2;9.77;9.9;8.98;6.76;4.1;0.86;0;0;0;0;0;0
23.03.2022;0;0;;0;0;0;0;0;0;0;3.57;5.09;9.23;8.38;9.29;9.61;10.2;7.82;7.42;3.75;0.88;0;0;0;0;0;0
24.03.2022;0;0;;0;0;0;0;0;0;0;2.56;5.33;6.38;9.13;8.89;8.29;7.95;10.22;7.22;5.13;0.87;0;0;0;0;0;0
25.03.2022;0;0;;0;0;0;0;0;0;0;0;6.68;5.33;4.12;6.32;7.38;6.58;7.04;8.32;3.05;0.88;0;0;0;0;0;0
26.03.2022;0;0;;0;0;0;0;0;0;0;5.42;7.24;8.82;2.67;5.75;3.85;3.64;3.75;3.62;0.89;0.85;0;0;0;0;0;0
27.03.2022;0;0;;0;0;0;0;0;0;0;3.64;9.51;9.43;8.85;9.93;8.74;9.49;9.41;8.16;3.53;0.99;0;0;0;0;0;0
28.03.2022;0;0;;0;0;0;0;0;0;0;5.62;8.71;10.23;10.39;9.39;10.23;10.26;9.37;7.95;4.48;1.18;0;0;0;0;0;0
29.03.2022;0;0;;0;0;0;0;0;0;0;10.05;8.5;9.35;10.2;8.5;7.65;5.95;6.81;3.4;0.85;0;0;0;0;0;0;0
30.03.2022;0;0;;0;0;0;0;0;0;0;2.55;5.11;10.2;10.2;9.36;8.5;9.35;8.5;6.8;3.4;0;0;0;0;0;0;0
31.03.2022;0;0;;0;0;0;0;0;0;0;7.9;7.9;9.35;9.35;9.35;8.51;6.8;3.4;4.25;0.85;0;0;0;0;0;0;0
1.04.2022;0;0;;0;0;0;0;0;0;0;6.62;6.82;10.2;6.8;9.35;10.2;9.35;7.65;4.25;0.85;0;0;0;0;0;0;0
2.04.2022;0;0;;0;0;0;0;0;0;0;7.8;5.1;7.67;7.7;10.2;10.2;9.35;5.96;2.55;0;0;0;0;0;0;0;0
3.04.2022;0;0;;0;0;0;0;0;0;0;9.03;9.03;9.03;0;0;0;0;0;0;0;0;0;0;0;0;0;0
4.04.2022;0;0;;0;0;0;0;0;0;0;4.1;6.1;8.87;10.2;10.2;10.2;10.2;8;5.34;5.7;1.17;0;0;0;0;0;0
5.04.2022;0;0;;0;0;0;0;0;0;0;2.68;1.4;3.94;3.88;4.61;3.4;2.04;2.16;2.68;3.13;3.04;0;0;0;0;0;0
6.04.2022;0;0;;0;0;0;0;0;0;0;2.8;2.31;7.11;9.48;10.09;10.1;10.1;10.09;8.88;7.17;3.99;0;0;0;0;0;0
7.04.2022;0;0;;0;0;0;0;0;0;0;4;3.06;6.68;7.44;7.72;9.35;7.41;4.88;1.89;1.06;0.52;0;0;0;0;0;0
8.04.2022;0;0;;0;0;0;0;0;0;0;4.44;3.17;5.89;1.54;5.22;3.76;5.66;5.07;3.73;1.56;4.52;0;0;0;0;0;0
9.04.2022;0;0;;0;0;0;0;0;0;0;0;3.23;8.82;10.09;10.09;10.09;9.89;10.3;9.99;8.08;4.53;0;0;0;0;0;0
10.04.2022;0;0;;0;0;0;0;0;0;0;2;2.01;2.79;4.79;2.69;2.89;5.93;5.45;7.79;8.12;4.59;0;0;0;0;0;0
11.04.2022;0;0;;0;0;0;0;0;0;0;2.1;3.6;7.46;5.99;6.24;5.4;7.59;4.24;1.42;1.43;1.25;0;0;0;0;0;0
12.04.2022;0;0;;0;0;0;0;0;0;0;0;1.98;1.59;1.89;3.78;3.9;3.36;4.86;3.18;4.65;4.41;0;0;0;0;0;0
13.04.2022;0;0;;0;0;0;0;0;0;0;3.85;2.09;8.49;8.39;8.14;8.9;8.05;9.35;8.91;8.67;3.66;0;0;0;0;0;0
14.04.2022;0;0;;0;0;0;0;0;0;0;6.78;2.92;9.26;10.1;10.09;10.09;10.09;10.09;10.05;8.23;4.66;0;0;0;0;0;0
15.04.2022;0;0;;0;0;0;0;0;0;0;3.5;5.13;8.24;7.98;7.48;6.57;8.02;8.31;8.05;6.36;4.24;0;0;0;0;0;0
16.04.2022;0;0;;0;0;0;0;0;0;2.54;4;3.46;8.79;9.98;10.11;10.1;9.6;8.63;8.72;6.49;3.21;0;0;0;0;0;0
17.04.2022;0;0;;0;0;0;0;0;0;0;3.1;3.21;4.95;4.77;4.89;4.96;5.32;4.98;1.93;1.93;1.8;0;0;0;0;0;0
18.04.2022;0;0;;0;0;0;0;0;0;0.56;2.7;2.87;6.64;7.61;9.6;7.32;3.02;2.31;3.04;2.5;1.71;0;0;0;0;0;0
19.04.2022;0;0;;0;0;0;0;0;0;0.15;1.5;2.53;7.64;10.35;9.22;10.09;10.09;10.09;8.66;1.12;0.7;0;0;0;0;0;0
20.04.2022;0;0;;0;0;0;0;0;0;0.67;3;3.3;5.66;9.66;6.88;8.91;3.74;7.1;6.7;7.54;4.12;0;0;0;0;0;0
21.04.2022;0;0;;0;0;0;0;0;0;2;2.32;4.44;7.98;10.41;7.65;9.23;8.42;7.65;7.93;6.47;3.6;0;0;0;0;0;0
22.04.2022;0;0;;0;0;0;0;0;0;0;4.45;4.51;7.91;10.09;9.88;10.2;10.2;8.4;9.82;7.64;3.61;0;0;0;0;0;0
23.04.2022;0;0;;0;0;0;0;0;0;0;4;5.82;8.89;10.09;10.09;10.1;10.1;9.89;10;7.52;4.37;0;0;0;0;0;0
24.04.2022;0;0;;0;0;0;0;0;0;0;3.4;5.64;8.61;10.5;10.1;10.09;10.1;5.53;7.75;4.69;1.23;0;0;0;0;0;0
25.04.2022;0;0;;0;0;0;0;0;0;2.56;3.75;4.1;8.45;10.02;10.09;9.85;10.09;10.09;8.03;7.49;5.25;0;0;0;0;0;0
26.04.2022;0;0;;0;0;0;0;0;0;1.3;4;4.48;8.52;10.04;9.66;10.09;10.09;10.09;9.72;7.48;4.38;0;0;0;0;0;0
27.04.2022;0;0;;0;0;0;0;0;0;1.05;4;4.79;8.79;10.08;10.1;9.96;9.96;9.25;7.66;6.36;4.28;0;0;0;0;0;0
28.04.2022;0;0;;0;0;0;0;0;0;3.38;4;5.21;9.76;9.25;10.1;10.1;7.31;5.71;9.22;6.22;2.65;0;0;0;0;0;0
29.04.2022;0;0;;0;0;0;0;0;0;3;2.82;6.12;7.49;10.04;10.1;10.1;8.16;7.8;5.1;5.4;4;0;0;0;0;0;0
30.04.2022;0;0;;0;0;0;0;0;0;0;1.34;2.55;2.51;9.3;9;9.3;9.3;7.5;0.02;0.16;0;0;0;0;0;0;0
1.05.2022;0;0;;0;0;0;0;0;0;0;3;5;9;5.45;4.45;0.92;3.15;2.5;1.5;2.73;1.51;0;0;0;0;0;0
2.05.2022;0;0;;0;0;0;0;0;0;0;3.1;5.27;8.45;7.59;8.38;9.57;9.57;7.5;5.5;2.5;0.67;0;0;0;0;0;0
3.05.2022;0;0;;0;0;0;0;0;0;0;0;2;1.5;9.2;9.2;5.5;10.2;10.09;9.25;1;0.95;0;0;0;0;0;0
4.05.2022;0;0;;0;0;0;0;0;0;0.23;2;5.55;8.7;10.09;2.5;6.15;1.25;0.75;5.1;4.45;3.25;0;0;0;0;0;0
5.05.2022;0;0;;0;0;0;0;0;0;0;0;0;3.03;3.4;4.49;6.8;8.74;4.8;5.92;6.49;4.64;0;0;0;0;0;0
6.05.2022;0;0;;0;0;0;0;0;0;0;2.06;2.11;2.14;2.13;2.77;8.18;4.99;4.65;4.32;4.26;4.25;0;0;0;0;0;0
7.05.2022;0;0;;0;0;0;0;0;0;0;0;3.5;2.15;5.45;5;7.5;5.15;3.46;3.18;2.77;1.77;0;0;0;0;0;0
8.05.2022;0;0;;0;0;0;0;0;0;0;1.5;3.16;4.57;2.22;6;3.19;5.6;3;5.85;3;2;0;0;0;0;0;0
9.05.2022;0;0;;0;0;0;0;0;0;0;4.21;4.6;5.06;7.71;8.44;7.19;7.38;9.08;8.23;4.17;5;0;0;0;0;0;0
10.05.2022;0;0;;0;0;0;0;0;0;2.02;4.5;5;9.43;10.09;10.09;9.65;11.68;8.38;10.05;8.36;4.99;0;0;0;0;0;0
11.05.2022;0;0;;0;0;0;0;0;0;0;5;6.96;9.15;10.09;10.09;9.28;8.38;8.17;7.82;7.74;3.19;0;0;0;0;0;0
12.05.2022;0;0;;0;0;0;0;0;0;0;2.73;4.5;5.41;4.66;7.51;8.8;7.24;8.85;8.1;7.4;5.2;0;0;0;0;0;0
13.05.2022;0;0;;0;0;0;0;0;0;0;5;6.52;9.31;10.09;10.09;10.09;10.09;10.09;10.09;8.01;4.85;0;0;0;0;0;0
14.05.2022;0;0;;0;0;0;0;0;0;2.5;3.45;7.5;10.02;10.09;10.09;10.09;9.5;3;3.5;1.5;0.25;0;0;0;0;0;0
15.05.2022;0;0;;0;0;0;0;0;0;0;3;2.5;8.93;1;6.27;5.55;10.09;10.09;2;0.15;3;0;0;0;0;0;0
16.05.2022;0;0;;0;0;0;0;0;0;0;2.79;9;8.95;7.47;9.41;8.99;7.03;7.64;7.54;7.32;4.16;0;0;0;0;0;0
17.05.2022;0;0;;0;0;0;0;0;0;0;0;7.94;6.78;5.08;2.75;4.17;1.65;2.52;7.8;5.45;2.94;0;0;0;0;0;0
18.05.2022;0;0;;0;0;0;0;0;0;0;1.11;10.02;9.05;10.08;10.09;10.09;9.95;10.02;9.11;8.26;4.69;0;0;0;0;0;0
19.05.2022;0;0;;0;0;0;0;0;0;0;0;2;5.2;8.52;6.48;5.42;0.96;1.15;1.5;1.04;2.59;0;0;0;0;0;0
20.05.2022;0;0;;0;0;0;0;0;0;0;6.5;6.95;8.79;9.94;9.77;10.1;10.1;10.09;10.06;8.48;3;0;0;0;0;0;0
21.05.2022;0;0;;0;0;0;0;0;0;0;0;9;10.09;10.09;10.09;10.09;10.09;10.09;9.5;10.09;5.86;0;0;0;0;0;0
22.05.2022;0;0;;0;0;0;0;0;0;0;5;8;10.02;10.09;10.09;10.09;9.71;5;4.45;6;1.06;0;0;0;0;0;0
23.05.2022;0;0;;0;0;0;0;0;0;0;4;6.23;8.19;9.39;9.41;8.74;5.4;3.71;8.26;8.02;4.35;0;0;0;0;0;0
24.05.2022;0;0;;0;0;0;0;0;0;0;4;6.44;8.72;7.64;5.65;7.47;7.47;8.93;8.54;5.96;5.05;0;0;0;0;0;0
25.05.2022;0;0;;0;0;0;0;0;0;0;5;6.67;9.1;8.83;7.94;8.77;8.65;9.32;6.85;5.56;2.55;0;0;0;0;0;0
26.05.2022;0;0;;0;0;0;0;0;0;0;5;6.5;8.98;10.09;10.09;10.09;9.7;8.87;8.31;7.96;4.88;0;0;0;0;0;0
27.05.2022;0;0;;0;0;0;0;0;0;0;5;6.54;8.73;10.06;9.91;8.72;8.83;8.78;9.32;8.72;4.5;0;0;0;0;0;0
28.05.2022;0;0;;0;0;0;0;0;0;0;5.25;10.09;10.09;10.09;10.09;10.09;4;5;8.5;6.25;3;0.83;0;0;0;0;0
29.05.2022;0;0;;0;0;0;0;0;0;2;5.25;7;10.02;10.09;10.09;10.09;10.09;3;10.02;2;0.67;0;0;0;0;0;0
30.05.2022;0;0;;0;0;0;0;0;0;0;6;6.79;8.41;9.96;10.09;10.08;9.22;8.11;2.51;1.64;0.97;0;0;0;0;0;0
31.05.2022;0;0;;0;0;0;0;0;0;0;5;5.58;8.62;10.04;10.1;10.09;8.78;4.55;2.54;0.28;0.28;0;0;0;0;0;0
1.06.2022;0;0;;0;0;0;0;0;0;0;5;5.85;8.66;10.1;9.92;9.92;9.93;9.76;7.68;4.72;2.19;0;0;0;0;0;0
2.06.2022;0;0;;0;0;0;0;0;0;0;4;4.68;7.92;8.83;8.98;9.17;10.74;8.32;7.95;5.31;4.69;0;0;0;0;0;0
3.06.2022;0;0;;0;0;0;0;0;0;0;4;5.21;6.41;8.43;9.63;10.01;10.08;10.09;9.51;7.31;4.51;0;0;0;0;0;0
4.06.2022;0;0;;0;0;0;0;0;0;0;5;8;10.02;10.09;10.09;10.09;10.09;10.02;9;6;1.48;0;0;0;0;0;0
5.06.2022;0;0;;0;0;0;0;0;0;0;5;8;10.02;10.09;10.09;8;10.09;6;0.25;6.25;1.04;0;0;0;0;0;0
6.06.2022;0;0;;0;0;0;0;0;0;0;3;4.75;6.51;12;8.13;5.65;5.73;8.09;7.27;5.89;0.87;0;0;0;0;0;0
7.06.2022;0;0;;0;0;0;0;0;0;0;4;5.85;8.62;7.03;8.58;7.22;8.07;2.5;4.36;1.71;0.57;0;0;0;0;0;0
8.06.2022;0;0;;0;0;0;0;0;0;0;4;5.77;8.54;10;10.09;10.07;10.1;9.42;8.56;3.43;1.28;0;0;0;0;0;0
9.06.2022;0;0;;0;0;0;0;0;0;0;5;6.65;8.57;9.37;8.78;8.52;8.76;7.68;8.85;7.88;4.7;0;0;0;0;0;0
10.06.2022;0;0;;0;0;0;0;0;0;0;5;6.06;8.57;10.02;10.09;9.53;7.1;9.39;9.79;6.13;5.11;0;0;0;0;0;0
11.06.2022;0;0;;0;0;0;0;0;0;0;5;8;10.02;10.09;10.09;10.09;10.09;10.02;9.5;4.5;2.43;0;0;0;0;0;0
12.06.2022;0;0;;0;0;0;0;0;0;0;3.95;5.25;10.02;10.09;10.09;8.25;7.39;4.45;3.78;2;4;0;0;0;0;0;0
13.06.2022;0;0;;0;0;0;0;0;0;0;4;5.19;7.21;5.19;5.04;7.18;6.36;4.53;5.72;2.93;1.69;0;0;0;0;0;0
14.06.2022;0;0;;0;0;0;0;0;0;0;3;3.77;3.98;4.95;7.43;2.69;6.33;1.26;4.51;1.51;1;0;0;0;0;0;0
15.06.2022;0;0;;0;0;0;0;0;0;0;5;5.32;9.02;8.48;8.8;6.19;9.01;6.34;7.81;7.92;5.38;0;0;0;0;0;0
16.06.2022;0;0;;0;0;0;0;0;0;0;5;7.23;8.05;9.96;10.07;9.91;8.61;9.43;8.7;6.57;4.7;0;0;0;0;0;0
17.06.2022;0;0;;0;0;0;0;0;0;0;5;6.14;8.68;10.05;10.1;8.75;9.48;8.11;7.68;4.57;2.63;0;0;0;0;0;0
18.06.2022;0;0;;0;0;0;0;0;0;0;5.25;8.45;10.2;10.84;10.89;10.9;10.89;10.89;10.2;7.5;1.27;0;0;0;0;0;0
19.06.2022;0;0;;0;0;0;0;0;0;0;5;7.45;10.2;10.9;10.9;10.92;5;6.25;5.22;7.23;1.82;0;0;0;0;0;0
20.06.2022;0;0;;0;0;0;0;0;0;0;6.17;8.56;10.43;10.32;11.38;10.58;10.91;9.48;7.74;4.38;1.75;0.85;0;0;0;0;0
21.06.2022;0;0;;0;0;0;0;0;0;2.63;5.29;4.66;10.52;8.99;6.15;4.5;10.01;6.04;2.35;1.45;1.69;0.85;0;0;0;0;0
22.06.2022;0;0;;0;0;0;0;0;0;3.52;6.22;7.87;9.78;9.82;9.72;8.9;8.9;7.36;6.12;5.86;0.85;0.85;0;0;0;0;0
23.06.2022;0;0;;0;0;0;0;0;0;1.94;4.13;5.56;7.54;9.15;9.71;9.85;6.67;9.54;7.76;5.47;1.74;0;0;0;0;0;0
24.06.2022;0;0;;0;0;0;0;0;0;1.76;5.18;4.44;7.22;5.97;7.97;10.42;9.78;6.27;4.41;1.74;1.95;0.85;0;0;0;0;0
25.06.2022;0;0;;0;0;0;0;0;0;3.02;3.64;7.41;7.92;8.16;8.98;8.76;5.55;6.46;6.2;1.76;1.71;0;0;0;0;0;0
26.06.2022;0;0;;0;0;0;0;0;0;2.66;7.07;6.52;8.37;5.55;5.74;3.22;2.01;3.7;3.72;5.55;1.71;0.48;0;0;0;0;0
27.06.2022;0;0;;0;0;0;0;0;0;2.69;4.19;3.55;8.02;1.98;2.77;4.94;5.34;4.09;3.96;1.7;0.85;0;0;0;0;0;0
28.06.2022;0;0;;0;0;0;0;0;0;0;2.85;4.47;5;4.91;7.36;7.1;4.89;4.14;4.57;1.74;0.85;0.9;0;0;0;0;0
29.06.2022;0;0;;0;0;0;0;0;0;2.67;3.69;5.62;9.08;6.49;4.75;5.73;7.47;9.92;6.34;4.64;2.17;0.93;0;0;0;0;0
30.06.2022;0;0;;0;0;0;0;0;0;2.57;5.28;8.49;9.24;9.73;7.08;5.28;9.13;7.09;8.04;4.57;0.85;0.85;0;0;0;0;0
1.07.2022;0;0;;0;0;0;0;0;0;2.56;4.71;3.09;3.68;5.19;6.49;8.74;8.21;7.57;5.26;5.4;1.71;0;0;0;0;0;0
2.07.2022;0;0;;0;0;0;0;0;0;1.75;3.66;4.5;6.56;7.97;8.79;9.23;8.77;8.77;8.32;4.69;1.2;0.85;0;0;0;0;0
3.07.2022;0;0;;0;0;0;0;0;0;0;6.15;8.61;10.45;11.31;10.46;10.51;10.52;10.34;8.69;5.25;1.73;0;0;0;0;0;0
4.07.2022;0;0;;0;0;0;0;0;0;2.77;6.16;8.56;11.22;10.55;10.32;10.55;11.41;10.34;7.75;5.44;1.19;0.85;0;0;0;0;0
5.07.2022;0;0;;0;0;0;0;0;0;0;6.22;8.59;10.32;10.59;11.25;10.35;10.5;10.26;8.52;4.62;1.72;0;0;0;0;0;0
6.07.2022;0;0;;0;0;0;0;0;0;0;6.14;8.57;10.3;11.33;10.55;10.4;11.27;9.4;7.7;5.28;1.71;0;0;0;0;0;0
7.07.2022;0;0;;0;0;0;0;0;0;2.59;6.01;7.7;10.26;11.36;10.4;11.26;10.26;9.4;7.47;4.51;1.72;0.85;0;0;0;0;0
8.07.2022;0;0;;0;0;0;0;0;0;0;6.08;7.66;10.35;11.33;8.82;10.64;9.07;8.94;7.73;1.71;0.85;0;0;0;0;0;0
9.07.2022;0;0;;0;0;0;0;0;0;2.56;5.19;8.56;9.38;11.28;10.31;10.41;11.29;9.01;7.26;4.74;2.64;0;0;0;0;0;0
10.07.2022;0;0;;0;0;0;0;0;0;2.63;5.14;8.62;10.39;9.4;9.71;9.54;7.94;9.71;7.93;5.65;1.67;0;0;0;0;0;0
11.07.2022;0;0;;0;0;0;0;0;0;2.67;5.52;7.9;8.47;5.57;7.34;8.32;7.32;9.04;6.63;4.65;1.7;0.85;0;0;0;0;0
12.07.2022;0;0;;0;0;0;0;0;0;1.74;6.07;8.53;9.66;7.97;9.95;10.39;11.2;9.52;7.8;5.26;1.7;0;0;0;0;0;0
13.07.2022;0;0;;0;0;0;0;0;0;1.72;6.18;8.61;10.38;10.31;11.28;10.33;11.22;9.52;7.8;4.75;1.86;0.85;0;0;0;0;0
14.07.2022;0;0;;0;0;0;0;0;0;0;6.1;8.57;10.35;10.36;11.22;10.32;11.12;9.57;8.19;5.18;1.73;0;0;0;0;0;0
15.07.2022;0;0;;0;0;0;0;0;0;2.57;5.18;8.72;10.29;11.23;10.39;10.47;11.22;9.42;7.71;5.26;1.8;0;0;0;0;0;0
16.07.2022;0;0;;0;0;0;0;0;0;1.71;6.19;8.61;10.4;10.6;10.41;11.31;10.36;10.37;7.89;4.28;1.86;0.85;0;0;0;0;0
17.07.2022;0;0;;0;0;0;0;0;0;0;5.5;8.89;9.01;10.48;10.49;10.45;10.45;9.88;7.23;5.5;1.71;0;0;0;0;0;0
18.07.2022;0;0;;0;0;0;0;0;0;1.79;3.5;2.72;8.85;7.06;6.97;7.37;6.5;6.64;6.92;4.55;2.56;0;0;0;0;0;0
19.07.2022;0;0;;0;0;0;0;0;0;0.86;3.43;4.61;7.51;7.51;7.49;9.06;9.6;9.86;7.69;4.42;1.75;0;0;0;0;0;0
20.07.2022;0;0;;0;0;0;0;0;0;2.59;5.18;8.55;10.24;10.46;10.41;11.1;10.5;10.35;7.19;4.53;1.71;0;0;0;0;0;0
21.07.2022;0;0;;0;0;0;0;0;0;1.91;5.56;5.74;9.02;9.67;10.52;10.65;10.51;10.31;7.13;4.58;2.42;0;0;0;0;0;0
22.07.2022;0;0;;0;0;0;0;0;0;1.79;6.19;8.62;10.34;10.28;11.27;10.42;10.45;10.29;7.79;4.64;1.72;0;0;0;0;0;0
23.07.2022;0;0;;0;0;0;0;0;0;1.88;6;8.59;10.34;10.36;10.58;11.3;10.5;9.47;7.73;5.26;1.95;0;0;0;0;0;0
24.07.2022;0;0;;0;0;0;0;0;0;1.74;6.08;8.71;10.31;11.24;10.4;10.46;11.24;10.33;7.76;4.6;1.73;0;0;0;0;0;0
25.07.2022;0;0;;0;0;0;0;0;0;2.58;5.25;8.59;10.39;11.12;10.43;11.34;11.11;9.43;7.7;5.34;1.7;1.7;0;0;0;0;0
26.07.2022;0;0;;0;0;0;0;0;0;0;5.23;8.55;10.35;10.47;11.34;10.36;10.46;2.58;10.5;7.1;5.02;3;0;0;0;0;0
27.07.2022;0;0;;0;0;0;0;0;0;0;1.9;8;8.28;10.41;10.96;10.98;10.97;10.91;9.99;7.9;5.03;0;0;0;0;0;0
28.07.2022;0;0;;0;0;0;0;0;0;0;1.81;8;8.12;10.12;10.89;10.96;10.92;10.77;9.89;7.79;4.95;0;0;0;0;0;0
29.07.2022;0;0;;0;0;0;0;0;0;0;0.69;7;8.08;10.21;10.91;10.95;10.93;10.76;9.75;7.62;4.8;2;0;0;0;0;0
30.07.2022;0;0;;0;0;0;0;0;0;0;0.75;8;8.14;10.2;10.89;10.94;10.92;10.75;9.72;7.89;4.79;0;0;0;0;0;0
31.07.2022;0;0;;0;0;0;0;0;0;0;2.58;8.04;10.39;11.12;10.04;10.46;10.5;10.29;8.72;5.26;2.42;2.13;0;0;0;0;0
1.08.2022;0;0;;0;0;0;0;0;0;0;5.25;8.1;7.64;9.63;10.67;10.81;10.81;10.81;8.6;5;1.29;0;0;0;0;0;0
2.08.2022;0;0;;0;0;0;0;0;0;0;1.78;6;8.32;8.8;10.59;10.79;11.39;7.98;9.52;7.81;5.21;1.21;0;0;0;0;0
3.08.2022;0;0;;0;0;0;0;0;0;0;0;6.11;6.96;9.56;10.73;10.91;9.38;8.71;8.97;7.18;5;2.15;0;0;0;0;0
4.08.2022;0;0;;0;0;0;0;0;0;0;0.66;6.15;7.58;9.71;10.77;10.87;10.8;10.47;9.18;7.18;3.74;0;0;0;0;0;0
5.08.2022;0;0;;0;0;0;0;0;0;0;2.15;5;7.6;9.7;10.73;10.84;10.81;10.39;9.4;7.21;4.38;1.68;0;0;0;0;0
6.08.2022;0;0;;0;0;0;0;0;0;0.28;3.05;6.15;7.89;9.1;10.55;10.26;10.69;10.56;6.8;8.16;5.26;1.78;0;0;0;0;0
7.08.2022;0;0;;0;0;0;0;0;0;0.22;2.15;5;6.13;9.13;10.23;10.45;10.59;10.11;7.5;6.99;8.15;2.85;0;0;0;0;0
8.08.2022;0;0;;0;0;0;0;0;0;0;0.83;8;7.63;9.74;10.75;10.85;10.8;10.72;9.63;7.35;4.5;0;0;0;0;0;0
9.08.2022;0;0;;0;0;0;0;0;0;0;2.02;6.79;7.61;9.61;10.71;10.9;8.37;7.13;7.63;7.94;4.44;0;0;0;0;0;0
10.08.2022;0;0;;0;0;0;0;0;0;0;0.36;8.2;7.65;9.7;10.7;10.53;9.04;10.27;9.91;7.3;3.65;0;0;0;0;0;0
11.08.2022;0;0;;0;0;0;0;0;0;0;2.97;5;7.57;9.73;10.75;9.25;8.61;8.92;8.35;5.09;2.93;0;0;0;0;0;0
12.08.2022;0;0;;0;0;0;0;0;0;0;0.87;8.15;7.46;9.68;10.8;10.94;11.25;9.54;9.51;7.3;4.32;0;0;0;0;0;0
13.08.2022;0;0;;0;0;0;0;0;0;0;5.24;8;7.65;9.44;10.34;10.81;10.81;10.81;8.8;5;1.34;0;0;0;0;0;0
14.08.2022;0;0;;0;0;0;0;0;0;0;6.15;8.2;7.46;7.61;9.74;10.75;11.1;9.15;7.69;6.15;5;0.26;0;0;0;0;0
15.08.2022;0;0;;0;0;0;0;0;0;0;2.22;6.15;7.43;9.48;10.4;10.66;10.22;10.4;9.37;7.21;4.34;0;0;0;0;0;0
16.08.2022;0;0;;0;0;0;0;0;0;0;0;1.16;7.56;9.5;7.31;10.21;7.27;10.1;9.43;7.03;7.03;4.04;0;0;0;0;0
17.08.2022;0;0;;0;0;0;0;0;0;0;2;6.23;7.46;9.53;10.69;10.87;10.82;10.58;9.21;6.93;4.09;0;0;0;0;0;0
18.08.2022;0;0;;0;0;0;0;0;0;0;0;8.09;7.41;9.66;7.24;10.34;10.92;10.68;9.28;6.69;4.06;0;0;0;0;0;0
19.08.2022;0;0;;0;0;0;0;0;0;0;2.59;5.45;7.45;9.62;8.25;6.11;7.03;8.08;8.61;5.21;3.41;0;0;0;0;0;0
20.08.2022;0;0;;0;0;0;0;0;0;0;3.15;5.15;7.15;9.48;7.11;10.2;10.2;8.94;3.16;2.45;1.24;0;0;0;0;0;0
21.08.2022;0;0;;0;0;0;0;0;0;0;4.2;6.27;9.64;5.87;10.2;10.2;9.75;7.83;4.26;3.21;1.83;0;0;0;0;0;0
22.08.2022;0;0;;0;0;0;0;0;0;0;0;0;7.21;9.26;10.63;10.31;7.07;10.62;9.32;7.32;4.18;0;0;0;0;0;0
23.08.2022;0;0;;0;0;0;0;0;0;0;0.81;6.25;7.31;10.12;9.74;10.91;10.85;10.38;9.09;6.8;3.06;0;0;0;0;0;0
24.08.2022;0;0;;0;0;0;0;0;0;0;1;3.36;7.13;9.12;10.39;10.8;10.73;10.17;8.43;9.38;3.89;0;0;0;0;0;0
25.08.2022;0;0;;0;0;0;0;0;0;0;1.4;6.5;7.62;9.7;10.69;10.88;11.73;9.78;9.3;6.95;3.97;0;0;0;0;0;0
26.08.2022;0;0;;0;0;0;0;0;0;0;1.3;6.3;8.19;8.85;10.75;10.95;9.75;7.58;5.04;5.93;2.52;0;0;0;0;0;0
27.08.2022;0;0;;0;0;0;0;0;0;0;1.3;8.6;9.5;9.8;10.75;10.95;10.2;9.1;8.6;7;2.1;0;0;0;0;0;0
28.08.2022;0;0;;0;0;0;0;0;0;0;2.1;8.8;9.6;9.8;9.85;10.2;10.75;9.4;8.9;8.1;1.1;0;0;0;0;0;0
29.08.2022;0;0;;0;0;0;0;0;0;0;0;6.8;7.36;9.65;10.79;11.93;9.81;10.32;9.57;6.1;5.4;0;0;0;0;0;0
30.08.2022;0;0;;0;0;0;0;0;0;0;0;10.35;9.5;10.42;9.74;11.37;9.9;10.3;8.81;4.45;3.84;0;0;0;0;0;0
31.08.2022;0;0;;0;0;0;0;0;0;0;3.3;3.7;8.44;7.7;10.3;10.6;10.51;10.33;9.24;5.09;2.02;0;0;0;0;0;0
1.09.2022;0;0;;0;0;0;0;0;0;0;3.48;3.56;7.62;9.62;10.68;10.79;10.61;10.14;9.98;5.98;1.1;0;0;0;0;0;0
2.09.2022;0;0;;0;0;0;0;0;0;0;3.8;4.14;7.25;9.58;10.53;10.35;10.74;10.28;8.35;1.35;0;0;0;0;0;0;0
3.09.2022;0;0;;0;0;0;0;0;0;0;3.8;4.14;7.25;9.58;10.53;10.35;10.74;10.28;8.35;1.35;0;0;0;0;0;0;0
4.09.2022;0;0;;0;0;0;0;0;0;0;4.2;6.27;9.64;5.87;10.2;10.2;9.75;7.83;4.26;3.21;0;0;0;0;0;0;0
5.09.2022;0;0;;0;0;0;0;0;0;0;0;0;7.96;9.17;10.06;9.86;9.5;9.46;8.24;5.22;3.72;0;0;0;0;0;0
6.09.2022;0;0;;0;0;0;0;0;0;0;5.3;6.5;7.05;8.46;10.02;9.77;7.4;6.8;7.87;6.8;4.75;0;0;0;0;0;0
7.09.2022;0;0;;0;0;0;0;0;0;0;0.83;8;9.63;9.74;10.75;10.85;10.8;10.72;9.63;7.35;4.5;0;0;0;0;0;0
8.09.2022;0;0;;0;0;0;0;0;0;0;1.8;6.1;9.63;9.74;10.75;10.85;10.8;10.72;9.63;7.35;4.5;0;0;0;0;0;0
9.09.2022;0;0;;0;0;0;0;0;0;0;1;6.4;8.34;10.42;10.86;10.85;11.76;10.76;8.8;7.6;3.7;0;0;0;0;0;0
10.09.2022;0;0;;0;0;0;0;0;0;0;1;6.4;7.34;10.42;10.86;10.85;11.76;10.76;8.8;7.6;3.37;0;0;0;0;0;0
11.09.2022;0;0;;0;0;0;0;0;0;0;1.5;7.6;8.2;10.43;10.86;10.85;11.76;10.76;8.8;7.6;0;0;0;0;0;0;0
12.09.2022;0;0;;0;0;0;0;0;0;0;0;8.8;9.86;9.94;10.75;10.77;10.74;10.28;8.65;6.21;1.6;0;0;0;0;0;0
13.09.2022;0;0;;0;0;0;0;0;0;0;0;2.3;7.19;10.11;8.34;7.15;9.01;9.27;9.18;7.87;2.15;0;0;0;0;0;0
14.09.2022;0;0;;0;0;0;0;0;0;0;2.1;7.1;7.32;11.46;10.84;10.7;11.06;9.82;10.32;6.2;2.5;0;0;0;0;0;0
15.09.2022;0;0;;0;0;0;0;0;0;0;0;0;8.35;10.43;10.84;10.87;11.06;9.82;10.32;6.2;2.5;0;0;0;0;0;0
16.09.2022;0;0;;0;0;0;0;0;0;0;5.1;7.65;10.2;11.05;10.2;11.05;10.2;8.5;6.8;2.55;0;0;0;0;0;0;0
17.09.2022;0;0;;0;0;0;0;0;0;1.7;5.1;7.65;10.2;10.2;11.05;10.2;10.2;6.8;5.95;3.4;0.59;0;0;0;0;0;0
18.09.2022;0;0;;0;0;0;0;0;0;0;5.1;7.65;10.2;10.2;10.2;11.05;9.35;9.35;5.95;2.55;0;0;0;0;0;0;0
19.09.2022;0;0;;0;0;0;0;0;0;0;5.1;7.65;10.2;10.2;11.05;10.2;10.2;8.5;6.8;2.55;0;0;0;0;0;0;0
20.09.2022;0;0;;0;0;0;0;0;0;0;5.1;7.65;10.2;10.2;10.2;10.2;10.2;8.5;5.95;1.7;0.85;0;0;0;0;0;0
21.09.2022;0;0;;0;0;0;0;0;0;0;5.1;7.65;9.35;10.2;7.65;4.25;4.25;4.26;2.55;1.7;0;0;0;0;0;0;0
22.09.2022;0;0;;0;0;0;0;0;0;0;5.1;8.5;10.2;10.2;10.2;9.35;8.5;6.8;2.55;0.85;0;0;0;0;0;0;0
23.09.2022;0;0;;0;0;0;0;0;0;0;3.4;8.5;10.2;11.05;9.35;9.35;10.2;8.5;5.95;1.7;0;0;0;0;0;0;0
24.09.2022;0;0;;0;0;0;0;0;0;0;0.85;0.85;1.7;1.7;2.55;4.25;5.95;6.8;5.1;1.7;0;0;0;0;0;0;0
25.09.2022;0;0;;0;0;0;0;0;0;0;5.95;9.35;10.2;11.05;10.2;10.2;11.05;8.5;6.8;2.55;0.85;0;0;0;0;0;0
26.09.2022;0;0;;0;0;0;0;0;0;0;5.95;8.5;10.2;11.05;10.2;11.05;10.2;9.35;6.8;2.55;0;0;0;0;0;0;0
27.09.2022;0;0;;0;0;0;0;0;0;0;5.1;9.35;10.2;10.2;11.12;10.2;10.2;8.5;5.96;2.55;0.85;0;0;0;0;0;0
28.09.2022;0;0;;0;0;0;0;0;0;0;5.1;8.5;10.2;10.2;11.05;10.2;10.2;7.65;1.7;0.85;0;0;0;0;0;0;0
29.09.2022;0;0;;0;0;0;0;0;0;0;5.1;8.5;10.2;10.2;10.2;9.35;8.5;6.8;2.55;0.85;0;0;0;0;0;0;0
30.09.2022;0;0;;0;0;0;0;0;0;0;5.1;8.5;10.2;10.2;11.05;10.2;10.2;7.65;1.7;0.85;0;0;0;0;0;0;0
1.10.2022;0;0;;0;0;0;0;0;0;0;5.1;8.5;10.2;10.2;10.2;11.05;10.2;8.5;5.95;1.7;0.85;0;0;0;0;0;0
2.10.2022;0;0;;0;0;0;0;0;0;0;4.25;8.5;9.35;11.05;10.2;10.23;9.35;8.5;5.1;0.85;0;0;0;0;0;0;0
3.10.2022;0;0;;0;0;0;0;0;0;0;5.1;7.65;10.2;10.2;10.2;10.2;6.8;6.8;3.4;1.7;0;0;0;0;0;0;0
4.10.2022;0;0;;0;0;0;0;0;0;0;3.4;7.65;10.2;10.2;8.5;8.5;7.67;2.55;2.55;0.85;0;0;0;0;0;0;0
5.10.2022;0;0;;0;0;0;0;0;0;0;3.4;7.65;10.2;10.24;11.05;10.2;9.35;6.8;5.1;0.85;0;0;0;0;0;0;0
6.10.2022;0;0;;0;0;0;0;0;0;0;5.1;8.5;10.24;10.22;11.05;10.2;10.24;8.5;5.95;1.7;0;0;0;0;0;0;0
7.10.2022;0;0;;0;0;0;0;0;0;0;0;5.95;10.2;10.2;8.8;8.5;5.12;2.55;0.85;0.85;0;0;0;0;0;0;0
8.10.2022;0;0;;0;0;0;0;0;0;0;4;3.06;6.68;7.44;7.72;9.35;7.41;4.88;1.89;0.4;0.52;0;0;0;0;0;0
9.10.2022;0;0;;0;0;0;0;0;0;0;0;1.98;1.59;1.89;3.78;3.78;3.36;4.86;3.18;4.65;0;0;0;0;0;0;0
10.10.2022;0;0;;0;0;0;0;0;0;0;4.25;6.8;3.4;1.7;3.4;2.55;0.85;0;0;0;0;0;0;0;0;0;0
11.10.2022;0;0;;0;0;0;0;0;0;0;5.1;8.5;10.23;10.2;11.05;10.2;10.2;8.5;5.95;1.7;0;0;0;0;0;0;0
12.10.2022;0;0;;0;0;0;0;0;0;0;4.25;8.5;8.5;6.8;7.65;6.8;6.8;4.25;2.55;0.85;0;0;0;0;0;0;0
13.10.2022;0;0;;0;0;0;0;0;0;0;4.25;8.5;9.35;11.05;10.2;11.05;9.35;7.65;5.1;3.08;0;0;0;0;0;0;0
14.10.2022;0;0;;0;0;0;0;0;0;0;5.1;7.65;10.2;11.05;10.2;10.2;9.35;5.95;3.4;1.7;0;0;0;0;0;0;0
15.10.2022;0;0;;0;0;0;0;0;0;0;2.55;3.4;5.1;7.65;7.65;5.95;3.4;3.4;1.7;0.85;0;0;0;0;0;0;0
16.10.2022;0;0;;0;0;0;0;0;0;0;5.1;7.65;9.35;7.65;8.5;2.55;2.55;5.1;1.7;0.85;0;0;0;0;0;0;0
17.10.2022;0;0;;0;0;0;0;0;0;0;2.55;5.1;3.4;6.8;6.8;6.8;9.35;4.25;2.55;0.85;0;0;0;0;0;0;0
18.10.2022;0;0;;0;0;0;0;0;0;0;3.4;5.1;6.82;10.2;8.5;6.8;6.8;5.1;0.85;0;0;0;0;0;0;0;0
19.10.2022;0;0;;0;0;0;0;0;0;0;0;2.55;3.4;0;3.4;5.95;5.1;1.7;0.85;0;0;0;0;0;0;0;0
20.10.2022;0;0;;0;0;0;0;0;0;0;0;2.55;2.55;5.1;7.65;5.95;1.7;0;0;0;0;0;0;0;0;0;0
21.10.2022;0;0;;0;0;0;0;0;0;0;0;6.23;8.8;10.35;9.8;10.1;7.58;7.97;4.6;2.92;0;0;0;0;0;0;0
22.10.2022;0;0;;0;0;0;0;0;0;0;5.1;8.5;10.2;10.2;11.05;10.2;10.2;6.8;4.25;1.7;0;0;0;0;0;0;0
23.10.2022;0;0;;0;0;0;0;0;0;0;5.1;8.5;11.05;10.2;11.05;10.2;10.2;8.5;5.1;0.85;0;0;0;0;0;0;0
24.10.2022;0;0;;0;0;0;0;0;0;0;4.25;8.5;9.35;11.05;10.2;10.23;9.35;8.5;5.1;0.85;0;0;0;0;0;0;0
25.10.2022;0;0;;0;0;0;0;0;0;0;5.1;7.65;10.2;11.05;10.82;8.5;7.65;8.5;4.25;1.7;0;0;0;0;0;0;0
26.10.2022;0;0;;0;0;0;0;0;0;0;4.25;7.65;9.35;11.05;10.66;10.2;10.2;7.65;4.25;0.85;0;0;0;0;0;0;0
27.10.2022;0;0;;0;0;0;0;0;0;0;4.25;7.65;10.21;10.2;11.05;10.2;10.21;6.8;4.25;0.85;0;0;0;0;0;0;0
28.10.2022;0;0;;0;0;0;0;0;0;0;5.1;7.65;10.2;10.2;11.05;10.2;10.2;8.5;4.25;0.85;0;0;0;0;0;0;0
29.10.2022;0;0;;0;0;0;0;0;0;0;5.11;8.5;10.2;10.2;11.05;9.35;10.2;7.65;5.1;0.85;0;0;0;0;0;0;0
30.10.2022;0;0;;0;0;0;0;0;0;0;4.25;8.5;10.2;10.2;11.05;10.2;10.2;7.65;4.25;0;0;0;0;0;0;0;0
31.10.2022;0;0;;0;0;0;0;0;0;0;3.4;6.8;9.35;10.2;11.05;10.2;9.35;5.95;3.4;0;0;0;0;0;0;0;0
1.11.2022;0;0;;0;0;0;0;0;0;0;4.25;7.65;6.8;9.35;9.35;11.05;9.35;7.65;4.25;0.85;0;0;0;0;0;0;0
2.11.2022;0;0;;0;0;0;0;0;0;0;4.25;7.65;10.2;10.2;11.05;10.2;10.2;7.65;4.25;0.85;0;0;0;0;0;0;0
3.11.2022;0;0;;0;0;0;0;0;0;0;0;7.65;10.2;10.2;11.05;10.2;9.35;7.65;3.4;0.85;0;0;0;0;0;0;0
4.11.2022;0;0;;0;0;0;0;0;0;0;0;6.8;10.2;10.2;11.05;10.2;9.35;6.8;3.4;0;0;0;0;0;0;0;0
5.11.2022;0;0;;0;0;0;0;0;0;0;3.4;7.65;9.35;10.2;11.5;10.2;9.35;6.8;2.55;0;0;0;0;0;0;0;0
6.11.2022;0;0;;0;0;0;0;0;0;0;3.4;7.65;10.2;10.2;11.05;10.2;9.35;6.8;3.4;0.85;0;0;0;0;0;0;0
7.11.2022;0;0;;0;0;0;0;0;0;0;0;1.7;3.4;7.65;10.2;10.2;3.4;4.25;0.85;0;0;0;0;0;0;0;0
8.11.2022;0;0;;0;0;0;0;0;0;0;0;3.55;5.95;4.25;3.4;0.85;0.85;0.85;0.85;0;0;0;0;0;0;0;0
9.11.2022;0;0;;0;0;0;0;0;0;0;0;1.75;2.65;2.74;5.35;2.56;1.71;0;0;0;0;0;0;0;0;0;0
10.11.2022;0;0;;0;0;0;0;0;0;0;0;6.01;7.08;0.87;1.81;3.51;2.7;1.71;0.88;0;0;0;0;0;0;0;0
11.11.2022;0;0;;0;0;0;0;0;0;0;0;5.1;7.67;7.7;10.2;10.5;9.4;5.96;2.55;0;0;0;0;0;0;0;0
12.11.2022;0;0;;0;0;0;0;0;0;0;3.4;7.65;9.35;10.2;11.5;10.2;9.35;6.8;2.55;0.98;0;0;0;0;0;0;0
13.11.2022;0;0;;0;0;0;0;0;0;0;3.4;9.65;9.35;10.2;11.5;10.2;9.35;6.8;2.55;0.8;0;0;0;0;0;0;0
14.11.2022;0;0;;0;0;0;0;0;0;0;0;6.8;10.2;10.2;11.05;10.2;9.35;6.8;3.4;0;0;0;0;0;0;0;0
15.11.2022;0;0;;0;0;0;0;0;0;0;2.1;7.65;9.35;10.2;11.5;10.2;9.35;6.8;2.55;0;0;0;0;0;0;0;0
16.11.2022;0;0;;0;0;0;0;0;0;0;0;1.98;8.41;3.66;5.71;7.16;3.68;0.9;2.08;0;0;0;0;0;0;0;0
17.11.2022;0;0;;0;0;0;0;0;0;0;7.9;7.9;9.35;9.35;9.35;8.51;7.1;3.4;4.25;0.85;0.5;0;0;0;0;0;0
18.11.2022;0;0;;0;0;0;0;0;0;0;0;6.01;7.08;2.1;1.81;3.51;2.7;1.71;0.88;0;0;0;0;0;0;0;0
19.11.2022;0;0;;0;0;0;0;0;0;0;0;1.98;1.59;1.89;3.78;3.78;3.36;4.86;3.18;0;0;0;0;0;0;0;0
20.11.2022;0;0;;0;0;0;0;0;0;0;0;6.23;9.4;10.35;9.8;10.1;7.58;7.97;4.6;2.92;0;0;0;0;0;0;0
21.11.2022;0;0;;0;0;0;0;0;0;0;2.55;3.4;5.1;7.65;7.65;5.95;5.4;3.4;1.7;0.85;0;0;0;0;0;0;0
22.11.2022;0;0;;0;0;0;0;0;0;0;0.85;1.7;3.42;6.16;5.11;5.2;3.9;2.59;1.7;0;0;0;0;0;0;0;0
23.11.2022;0;0;;0;0;0;0;0;0;0;3.4;7.65;10.2;10.2;8.5;8.5;7.67;2.55;2.55;0.85;0;0;0;0;0;0;0
24.11.2022;0;0;;0;0;0;0;0;0;0;0;0.85;0.85;0.85;1.7;3.74;3.09;1.71;1.71;0;0;0;0;0;0;0;0
25.11.2022;0;0;;0;0;0;0;0;0;0;0;0;0;0;0;0;1.7;3.62;1.71;1.71;0;0;0;0;0;0;0
26.11.2022;0;0;;0;0;0;0;0;0;0;0;0;0;0.85;0.85;2.66;1.2;1.81;0.85;0.86;0;0;0;0;0;0;0
27.11.2022;0;0;;0;0;0;0;0;0;0;2.55;3.4;5.1;7.65;7.65;5.95;5.4;3.4;1.7;0.85;0;0;0;0;0;0;0
28.11.2022;0;0;;0;0;0;0;0;0;0;0;6.8;9.35;10.2;10.13;10.2;9.35;5.95;0.85;0.61;0;0;0;0;0;0;0
29.11.2022;0;0;;0;0;0;0;0;0;0;0;5.95;8.5;9.35;8.5;8.5;7.65;5.95;1.7;0;0;0;0;0;0;0;0
30.11.2022;0;0;;0;0;0;0;0;0;0;0;4.25;8.5;9.38;11.06;9.35;8.5;6.8;1.7;0;0;0;0;0;0;0;0
1.12.2022;0;0;;0;0;0;0;0;0;0;0;0;6.8;8.5;11.05;9.35;9.35;1.7;0.85;0;0;0;0;0;0;0;0
2.12.2022;0;0;;0;0;0;0;0;0;0;0;5.95;8.5;9.35;9.35;5.95;4.25;2.55;2.55;0;0;0;0;0;0;0;0
3.12.2022;0;0;;0;0;0;0;0;0;0;0;5.95;8.5;9.35;9.35;5.95;4.25;2.55;2.55;0;0;0;0;0;0;0;0
4.12.2022;0;0;;0;0;0;0;0;0;0;0;5.95;7.65;10.2;10.2;10.2;6.8;2.55;0;0;0;0;0;0;0;0;0
5.12.2022;0;0;;0;0;0;0;0;0;0;0;2.55;4.25;5.1;8.5;6.8;1.7;1.7;0.85;0.85;0;0;0;0;0;0;0
6.12.2022;0;0;;0;0;0;0;0;0;0;0;0;5.1;7.65;10;8.5;8.5;1.7;0;0;0;0;0;0;0;0;0
7.12.2022;0;0;;0;0;0;0;0;0;0;0;5.95;8.5;10;10;10;6.8;2.55;0.85;0;0;0;0;0;0;0;0
8.12.2022;0;0;;0;0;0;0;0;0;0;0;0;7.65;7.65;10;10;7.65;3.4;0.85;0;0;0;0;0;0;0;0
9.12.2022;0;0;;0;0;0;0;0;0;0;0;5.12;8.5;10;9.35;10;9.35;5.1;1.7;0;0;0;0;0;0;0;0
10.12.2022;0;0;;0;0;0;0;0;0;0;0;4.25;5.95;6.8;8.5;5.95;2.55;2.55;0.85;0;0;0;0;0;0;0;0
11.12.2022;0;0;;0;0;0;0;0;0;0;0;0;0;0.85;1.7;1.7;1.7;0.85;0;0;0;0;0;0;0;0;0
12.12.2022;0;0;;0;0;0;0;0;0;0;0;3.4;5.95;5.95;3.4;2.55;4.25;0.85;0;0;0;0;0;0;0;0;0
13.12.2022;0;0;;0;0;0;0;0;0;0;0;0;7.65;9.35;10;10;7.65;5.1;2.55;0;0;0;0;0;0;0;0
14.12.2022;0;0;;0;0;0;0;0;0;0;0;0;0.85;1.7;1.7;2.55;0.85;0.85;0;0;0;0;0;0;0;0;0
15.12.2022;0;0;;0;0;0;0;0;0;0;0;3.4;5.11;10;9.95;5.95;4.25;0;1.7;0;0;0;0;0;0;0;0
16.12.2022;0;0;;0;0;0;0;0;0;0;0;3.4;7.65;8.5;6.8;5.1;5.1;5.1;1.7;0.85;0;0;0;0;0;0;0
17.12.2022;0;0;;0;0;0;0;0;0;0;0;5.1;7.65;10;10;10;6.8;5.1;1.7;0.85;0;0;0;0;0;0;0
18.12.2022;0;0;;0;0;0;0;0;0;0;0;5.1;8.51;9.35;10;9.35;9.38;5.95;2.55;0;0;0;0;0;0;0;0
19.12.2022;0;0;;0;0;0;0;0;0;0;0;5.95;7.65;10;10;9.35;8.5;5.1;0.85;0;0;0;0;0;0;0;0
20.12.2022;0;0;;0;0;0;0;0;0;0;0;0;0;0;0;0;0;0;0;0;0;0;0;0;0;0;0
21.12.2022;0;0;;0;0;0;0;0;0;0;0;0;0;0;0;0;0;0;0;0;0;0;0;0;0;0;0
22.12.2022;0;0;;0;0;0;0;0;0;0;0;0;0;0;0;0;0;0;0;0;0;0;0;0;0;0;0
23.12.2022;0;0;;0;0;0;0;0;0;0;0;0;0.85;1.7;4.25;6.8;6.8;2.55;0.85;0;0;0;0;0;0;0;0
24.12.2022;0;0;;0;0;0;0;0;0;0;0;0;2.55;2.55;3.4;3.4;1.7;1.7;0;0;0;0;0;0;0;0;0
25.12.2022;0;0;;0;0;0;0;0;0;0;0;0;1.7;1.7;1.7;1.7;1.7;1.7;0;0;0;0;0;0;0;0;0
26.12.2022;0;0;;0;0;0;0;0;0;0;0;0;1;1;1;1;1;1;1;0;0;0;0;0;0;0;0
27.12.2022;0;0;;0;0;0;0;0;0;0;0;3.4;7.65;9.35;10;10;9.35;6.8;3.4;0;0;0;0;0;0;0;0
28.12.2022;0;0;;0;0;0;0;0;0;0;0;3.4;5.95;4.25;4.25;5.12;3.4;1.7;0.85;0;0;0;0;0;0;0;0
29.12.2022;0;0;;0;0;0;0;0;0;0;0;5.1;8.5;10;10;10;10;6.8;3.4;0;0;0;0;0;0;0;0
30.12.2022;0;0;;0;0;0;0;0;0;0;0;5.1;8.5;10;10;10;10;7.65;3.4;0;0;0;0;0;0;0;0
31.12.2022;0;0;;0;0;0;0;0;0;0;0;5.11;9.35;10;10;10;10;7.67;2.55;0;0;0;0;0;0;0;0
1.01.2023;0;0;;0;0;0;0;0;0;0;0;4.25;8.5;10;10;10;10;7.65;3.4;0;0;0;0;0;0;0;0
2.01.2023;0;0;;0;0;0;0;0;0;0;0;5.95;8.5;10;10;10;10;7.65;3.4;0;0;0;0;0;0;0;0
3.01.2023;0;0;;0;0;0;0;0;0;0;0.85;5.1;9.35;10;10;10;9.38;8.5;3.4;0;0;0;0;0;0;0;0
4.01.2023;0;0;;0;0;0;0;0;0;0;0;3.9;8.5;10;10;10;10;7.65;3.4;0;0;0;0;0;0;0;0
5.01.2023;0;0;;0;0;0;0;0;0;0;0;3.6;8.5;10;10;10;10;7.65;3.4;0;0;0;0;0;0;0;0
6.01.2023;0;0;;0;0;0;0;0;0;0;0;5.1;8.5;8.5;9.35;6.8;3.4;1.7;0.85;0;0;0;0;0;0;0;0
7.01.2023;0;0;;0;0;0;0;0;0;0;0;0;0.85;6.8;10;5.1;4.85;5.1;2.55;0.85;0;0;0;0;0;0;0
8.01.2023;0;0;;0;0;0;0;0;0;0;0;4.25;7.65;10;10;10;10;7.65;4.25;0.85;0;0;0;0;0;0;0
9.01.2023;0;0;;0;0;0;0;0;0;0;0;5.1;8.5;10;10;10;10;8.5;4.25;0.85;0;0;0;0;0;0;0
10.01.2023;0;0;;0;0;0;0;0;0;0;0;5.1;8.35;10;10;10;10;7.65;4.25;0.85;0;0;0;0;0;0;0
11.01.2023;0;0;;0;0;0;0;0;0;0;0;4.25;3.4;5.95;6.8;5.1;5.1;5.95;1.7;0.85;0;0;0;0;0;0;0
12.01.2023;0;0;;0;0;0;0;0;0;0;0;0;1.7;1.7;2.55;2.55;1.7;1.7;0.85;0;0;0;0;0;0;0;0
13.01.2023;0;0;;0;0;0;0;0;0;0;0;5.1;8.5;10;10;9.35;4.95;4.25;3.4;0;0;0;0;0;0;0;0
14.01.2023;0;0;;0;0;0;0;0;0;0;0;5.1;8.5;9.35;10;10;9.35;6.8;3.4;0.85;0;0;0;0;0;0;0
15.01.2023;0;0;;0;0;0;0;0;0;0;0;0;6.8;7.65;7.65;6.8;4.25;2.55;0.85;0;0;0;0;0;0;0;0
16.01.2023;0;0;;0;0;0;0;0;0;0;0;5.1;7.65;5.1;7.65;6.8;7.65;8.5;4.25;0;0;0;0;0;0;0;0
17.01.2023;0;0;;0;0;0;0;0;0;0;0;5.1;8.5;9.38;5.1;6.8;8.5;9.85;7.65;0.85;0;0;0;0;0;0;0
18.01.2023;0;0;;0;0;0;0;0;0;0;0;4.27;8.5;10;9.35;10;10;8.5;5.1;0.85;0;0;0;0;0;0;0
19.01.2023;0;0;;0;0;0;0;0;0;0;0;5.95;8.5;10;10;10;10;8.5;5.1;0.85;0;0;0;0;0;0;0
20.01.2023;0;0;;0;0;0;0;0;0;0;0;5.95;9.35;10;10;10;10;8.5;5.1;0.85;0;0;0;0;0;0;0
21.01.2023;0;0;;0;0;0;0;0;0;0;0;1.2;3.72;4.2;10;10;10;10;9.97;9.3;0;0;0;0;0;0;0
22.01.2023;0;0;;0;0;0;0;0;0;0;0;4.85;9.35;10;10;10;10;8.5;5.1;0.85;0;0;0;0;0;0;0
23.01.2023;0;0;;0;0;0;0;0;0;0;0;4.63;7.65;10;10;9.35;8.5;5.1;0.85;0;0;0;0;0;0;0;0
24.01.2023;0;0;;0;0;0;0;0;0;0;0;8.6;8.5;10;9.35;10;9.35;8.5;5.1;0.85;0;0;0;0;0;0;0
25.01.2023;0;0;;0;0;0;0;0;0;0;0;5.1;8.5;9.35;10;5.1;9.35;5.95;1.7;0.85;0;0;0;0;0;0;0
26.01.2023;0;0;;0;0;0;0;0;0;0;0;5.1;8.5;10;7.65;7.65;8.5;4.25;5.1;0.85;0;0;0;0;0;0;0
27.01.2023;0;0;;0;0;0;0;0;0;0;0;0.85;1.7;0.85;1.7;1.7;1.7;1.7;0.85;0.85;0;0;0;0;0;0;0
28.01.2023;0;0;;0;0;0;0;0;0;0;0;0.85;1.7;1.7;0.85;2.55;1.7;1.7;0.85;0;0;0;0;0;0;0;0
29.01.2023;0;0;;0;0;0;0;0;0;0;0;0;5.97;9.35;5.1;5.1;3.4;4.25;1.7;0;0;0;0;0;0;0;0
30.01.2023;0;0;;0;0;0;0;0;0;0;0;0;6.8;2.55;6.8;5.95;2.55;4.25;5.1;0.85;0;0;0;0;0;0;0
31.01.2023;0;0;;0;0;0;0;0;0;0;0;1.7;3.4;4.25;1.7;0.85;1.7;0.85;0;0;0;0;0;0;0;0;0
1.02.2023;0;0;;0;0;0;0;0;0;0;0;0;1.7;3.4;4.25;3.4;3.4;1.7;1.7;0;0;0;0;0;0;0;0
2.02.2023;0;0;;0;0;0;0;0;0;0;0;0.85;5.14;5.95;10;10;8.5;5.95;1.7;1.7;0;0;0;0;0;0;0
3.02.2023;0;0;;0;0;0;0;0;0;0;0;5.95;10;7.65;10;9.35;10;5.95;4.25;0.85;0;0;0;0;0;0;0
4.02.2023;0;0;;0;0;0;0;0;0;0;0;0;7.65;9.35;8.5;4.25;3.4;2.55;0.85;0;0;0;0;0;0;0;0
5.02.2023;0;0;;0;0;0;0;0;0;0;0;0;2.55;5.95;6.8;4.25;5.1;5.95;3.4;0.85;0;0;0;0;0;0;0
6.02.2023;0;0;;0;0;0;0;0;0;0;0;0.85;1.7;0.85;1.7;1.7;1.7;1.7;0.85;0.85;0;0;0;0;0;0;0
7.02.2023;0;0;;0;0;0;0;0;0;0;0;0.85;2.55;2.55;5.8;5.1;4.25;3.4;1.7;0;0;0;0;0;0;0;0
8.02.2023;0;0;;0;0;0;0;0;0;0;0;0;4.25;4.25;8.5;8.5;9.35;9.35;0;0;0;0;0;0;0;0;0
9.02.2023;0;0;;0;0;0;0;0;0;0;0;0;3.4;8.5;9.35;7.65;4.25;3.4;2.55;0;0;0;0;0;0;0;0
10.02.2023;0;0;;0;0;0;0;0;0;0;0;3.4;8.53;10;10;9.35;10;7.65;4.25;0;0;0;0;0;0;0;0
11.02.2023;0;0;;0;0;0;0;0;0;0;0;4.25;7.65;10;10;9.35;8.5;7.65;4.25;0.85;0;0;0;0;0;0;0
12.02.2023;0;0;;0;0;0;0;0;0;0;0;4.25;9.35;10;10;10;10;9.35;6.8;1.7;0;0;0;0;0;0;0
13.02.2023;0;0;;0;0;0;0;0;0;0;0;0;7.65;9.35;9.52;5.95;6.8;5.95;4.25;2.55;0;0;0;0;0;0;0
14.02.2023;0;0;;0;0;0;0;0;0;0;0;5.95;10;10;10;10;10;10;6.8;2.55;0;0;0;0;0;0;0
15.02.2023;0;0;;0;0;0;0;0;0;0;0;0;4.25;7.65;10;9.35;8.5;5.95;7.65;2.55;0;0;0;0;0;0;0
16.02.2023;0;0;;0;0;0;0;0;0;0;0;0;0.85;0.85;1.7;4.25;7.65;5.95;5.95;2.55;0;0;0;0;0;0;0
17.02.2023;0;0;;0;0;0;0;0;0;0;0;7.65;10;10;10;10;10;10;6.83;3.4;0;0;0;0;0;0;0
18.02.2023;0;0;;0;0;0;0;0;0;0;0;7.65;10;9.35;10;10;10;10;6.8;3.4;0;0;0;0;0;0;0
19.02.2023;0;0;;0;0;0;0;0;0;0;0;2.55;6.8;8.65;9.35;8.5;10;8.5;5.1;2.55;0;0;0;0;0;0;0
20.02.2023;0;0;;0;0;0;0;0;0;0;3.4;5.1;9.35;8.5;8.5;8.5;8.51;5.95;2.55;0;0;0;0;0;0;0;0
21.02.2023;0;0;;0;0;0;0;0;0;0;0;1.7;8.5;10;9.35;10;10;9.35;7.65;2.55;0;0;0;0;0;0;0
22.02.2023;0;0;;0;0;0;0;0;0;0;3.4;6.8;10;10;10;10;10;10;6.8;3.4;0;0;0;0;0;0;0
23.02.2023;0;0;;0;0;0;0;0;0;0;2.55;7.65;9.35;10;10;10;10;8.5;6.8;2.55;0;0;0;0;0;0;0
24.02.2023;0;0;;0;0;0;0;0;0;0;3.4;6.8;9.35;10;10;10;10;8.5;5.95;2.56;0;0;0;0;0;0;0
25.02.2023;0;0;;0;0;0;0;0;0;0;0;5.1;10;10;8.5;7.67;6.8;5.1;5.1;1.7;0;0;0;0;0;0;0
26.02.2023;0;0;;0;0;0;0;0;0;0;3.4;6.8;10;10;10;10;10;9.35;6.8;2.55;0;0;0;0;0;0;0
27.02.2023;0;0;;0;0;0;0;0;0;0;0;2.55;3.4;5.95;9.35;10;10;8.51;5.95;2.55;0;0;0;0;0;0;0
28.02.2023;0;0;;0;0;0;0;0;0;0;0;4.25;8.5;7.65;5.95;5.1;8.5;7.65;5.95;2.55;0;0;0;0;0;0;0
1.03.2023;0;0;;0;0;0;0;0;0;0;0;5.97;9.36;10;10;9.35;10;6.82;4.27;1.7;0;0;0;0;0;0;0
2.03.2023;0;0;;0;0;0;0;0;0;0;2.55;5.95;9.35;10;10;10;8.5;6.8;4.25;0.85;0;0;0;0;0;0;0
3.03.2023;0;0;;0;0;0;0;0;0;0;0;2.55;1.7;4.25;3.4;3.4;7.65;4.25;2.55;0.85;0;0;0;0;0;0;0
4.03.2023;0;0;;0;0;0;0;0;0;0;0;6.8;7.65;10;9.35;10;8.5;8.5;2.55;0;0;0;0;0;0;0;0
5.03.2023;0;0;;0;0;0;0;0;0;0;0.85;1.7;2.55;3.4;1.7;1.7;2.55;2.55;0.85;0.85;0;0;0;0;0;0;0
6.03.2023;0;0;;0;0;0;0;0;0;0;4.25;7.65;9.35;9.35;0;10;10;10;6.83;0.85;0.85;0;0;0;0;0;0
7.03.2023;0;0;;0;0;0;0;0;0;0;3.4;6.88;10;10;10;9.35;9.35;5.95;4.25;1.7;0.85;0;0;0;0;0;0
8.03.2023;0;0;;0;0;0;0;0;0;0;0;5.95;8.5;10;5.95;4.25;3.4;3.4;0;0.85;0;0;0;0;0;0;0
9.03.2023;0;0;;0;0;0;0;0;0;0;1.1;5.95;9.35;0;10;10;8.5;6.8;4.25;0.85;0;0;0;0;0;0;0
10.03.2023;0;0;;0;0;0;0;0;0;0;4.25;7.65;10;7.65;7.65;9.35;9.35;8.5;7.65;2.55;0;0;0;0;0;0;0
11.03.2023;0;0;;0;0;0;0;0;0;0;0;5.95;8.5;7.65;8.5;8.5;0.85;8.37;9.85;0.85;0.85;0;0;0;0;0;0
12.03.2023;0;0;;0;0;0;0;0;0;0;0;1.7;3.4;2.55;3.4;4.26;2.55;3.4;1.7;0;0;0;0;0;0;0;0
13.03.2023;0;0;;0;0;0;0;0;0;0;0;0;0;0.85;4.25;4.25;0.85;0.85;0.85;0;0;0;0;0;0;0;0
14.03.2023;0;0;;0;0;0;0;0;0;0;0;0;5.97;10;5.1;5.1;3.4;4.25;1.7;0;0;0;0;0;0;0;0
15.03.2023;0;0;;0;0;0;0;0;0;0;0;0.85;3.4;4.25;5.1;2.55;1.7;1.7;0;0.85;0;0;0;0;0;0;0
16.03.2023;0;0;;0;0;0;0;0;0;0;5.12;7.65;10;10;9.35;10;10;5.95;2.55;0.85;0;0;0;0;0;0;0
17.03.2023;0;0;;0;0;0;0;0;0;0;0;3.44;1.7;4.25;5.96;1.25;1.7;0.85;0.85;0;0;0;0;0;0;0;0
18.03.2023;0;0;;0;0;0;0;0;0;0;0;0.4;3.4;8.5;9.35;7.65;4.25;3.4;2.55;0;0;0;0;0;0;0;0
19.03.2023;0;0;;0;0;0;0;0;0;0;0;1.7;3.4;4.25;1.7;0.85;1.7;0.85;1.2;0.85;0;0;0;0;0;0;0
20.03.2023;0;0;;0;0;0;0;0;0;0;0;2.55;4.25;6.8;10;7.68;5.1;5.1;5.1;0.85;0;0;0;0;0;0;0
21.03.2023;0;0;;0;0;0;0;0;0;0;1.8;7.47;8;8.5;9.49;8.5;10;9.7;7.65;3.4;0;0;0;0;0;0;0
22.03.2023;0;0;;0;0;0;0;0;0;0;0;7.75;5.1;5.95;8.5;8.5;6.81;5.95;3.4;0;0;0;0;0;0;0;0
23.03.2023;0;0;;0;0;0;0;0;0;0;1.7;8.5;8.5;7.65;9.35;8.5;7.65;5.96;3.4;3.4;0.85;0;0;0;0;0;0
24.03.2023;0;0;;0;0;0;0;0;0;0;0.85;4.25;5.95;10;6.8;7.65;5.1;2.55;6.8;4.25;0.71;0;0;0;0;0;0
25.03.2023;0;0;;0;0;0;0;0;0;0;5.1;8.52;8.5;7.65;10;4.25;10;8.5;4.25;4.25;0;0;0;0;0;0;0
26.03.2023;0;0;;0;0;0;0;0;0;0;5.1;8.5;10;10;10;10;10;10;6.8;3.4;0;0;0;0;0;0;0
27.03.2023;0;0;;0;0;0;0;0;0;0;5.1;8.53;10;9.35;10;10;10;9.35;7.6;4.25;0.85;0;0;0;0;0;0
28.03.2023;0;0;;0;0;0;0;0;0;0;5.1;8.5;10;9.35;5.95;10;10;6.8;7.65;1.7;0;0;0;0;0;0;0
29.03.2023;0;0;;0;0;0;0;0;0;0;0;2.55;2.55;2.55;3.4;4.25;2.55;3.4;2.55;0.85;0.85;0;0;0;0;0;0
30.03.2023;0;0;;0;0;0;0;0;0;0;0;4.25;8.5;5.95;4.25;7.65;5.1;3.4;5.1;3.4;0.85;0;0;0;0;0;0
31.03.2023;0;0;;0;0;0;0;0;0;0;0;1.7;7.65;8.5;10;10;10;10;7.65;5.1;0.44;0;0;0;0;0;0
1.04.2023;0;0;;0;0;0;0;0;0;0;0.85;6.8;10;10;9.35;9.35;9.35;6.81;7.65;1.7;0.85;0;0;0;0;0;0
2.04.2023;0;0;;0;0;0;0;0;0;0;3.4;8.5;7.65;10;8.5;4.25;0.85;0.85;1.7;0.85;0;0;0;0;0;0;0
3.04.2023;0;0;;0;0;0;0;0;0;0;5.1;8.5;10;10;10;10;8.5;6.81;5.95;3.4;0.85;0;0;0;0;0;0
4.04.2023;0;0;;0;0;0;0;0;0;0;2.55;5.1;10;10;9.35;10;10;10;7.65;4.25;0.49;0;0;0;0;0;0
5.04.2023;0;0;;0;0;0;0;0;0;0;5.1;6.82;0.5;10;8.5;8.5;5.95;8.5;1.7;1.7;0;0;0;0;0;0;0
6.04.2023;0;0;;0;0;0;0;0;0;0;0;2.91;2.05;6.13;5.85;5.13;5.41;8.57;5.77;2.55;0;0;0;0;0;0;0
7.04.2023;0;0;;0;0;0;0;0;0;0;0.85;1.7;1.7;3.4;2.55;2.55;2.55;1.7;1.7;0;0;0;0;0;0;0;0
8.04.2023;0;0;;0;0;0;0;0;0;0;0.85;1.7;1.7;3.4;2.55;2.55;2.55;1.7;1.7;0.85;0.85;0;0;0;0;0;0
9.04.2023;0;0;;0;0;0;0;0;0;0;0;0;0;0.85;4.25;4.25;0.85;0.85;0.85;0;0;0;0;0;0;0;0
10.04.2023;0;0;;0;0;0;0;0;0;0;0.85;4.25;10;10;10;7.65;7.65;6.8;5.1;3.4;0.8;0;0;0;0;0;0
11.04.2023;0;0;;0;0;0;0;0;0;0;2.55;4.25;1.7;1.7;4.25;8.5;2.55;6.8;8.5;2.55;0.85;0;0;0;0;0;0
12.04.2023;0;0;;0;0;0;0;0;0;0;2.55;5.95;10;7.65;5.95;10;8.5;5.95;1.7;0;0.85;0;0;0;0;0;0
13.04.2023;0;0;;0;0;0;0;0;0;0;1.7;6.8;6.8;10;5.95;5.1;5.1;8.5;8.5;4.25;1.7;0;0;0;0;0;0
14.04.2023;0;0;;0;0;0;0;0;0;0;5.95;9.35;10;10;10;10;10;10;8.5;0;0;0;0;0;0;0;0
15.04.2023;0;0;;0;0;0;0;0;0;0;5.95;8.5;10;10;10;10;9.35;10;7.65;4.25;0.85;0;0;0;0;0;0
16.04.2023;0;0;;0;0;0;0;0;0;0;5.1;9.35;10;10;10;10;8.5;3.4;5.1;0.85;0;0;0;0;0;0;0
17.04.2023;0;0;;0;0;0;0;0;0;0;5.1;9.37;10;9.35;8.5;9.35;10;9.35;5.95;3.4;1.7;0;0;0;0;0;0
18.04.2023;0;0;;0;0;0;0;0;0;0;5.95;7.65;9.35;9.35;10;8.53;4.25;6.8;5.95;3.4;0.85;0;0;0;0;0;0
19.04.2023;0;0;;0;0;0;0;0;0;0;5.95;8.5;10;10;9.35;5.1;5.95;5.1;5.1;2.55;0.85;0;0;0;0;0;0
20.04.2023;0;0;;0;0;0;0;0;0;0;0.85;7.65;7.65;9.35;8.5;3.4;3.4;8.51;7.65;4.25;0.85;0;0;0;0;0;0
21.04.2023;0;0;;0;0;0;0;0;0;0;5.95;5.1;5.95;3.4;9.35;9.5;7.65;5.95;1.7;2.55;0;0;0;0;0;0;0
22.04.2023;0;0;;0;0;0;0;0;0;2.55;5.95;8.5;9.35;10;9.12;8.5;7.65;5.95;5.95;3.4;1.7;0;0;0;0;0;0
23.04.2023;0;0;;0;0;0;0;0;0;2.55;5.98;9.38;9.35;6.8;6.8;6.8;10;10;2.55;0.85;0;0;0;0;0;0;0
24.04.2023;0;0;;0;0;0;0;0;0;0;2.55;5.1;6.8;9.35;6.8;5.1;9.35;8.5;7.67;4.25;1.7;0;0;0;0;0;0
25.04.2023;0;0;;0;0;0;0;0;0;0;6.8;9.4;10;10;10;10;8.5;2.6;2.6;0.9;0;0;0;0;0;0;0
26.04.2023;0;0;;0;0;0;0;0;0;1.7;5.95;8.52;10;9.35;9.35;10;10;7.65;4.25;1.7;0;0;0;0;0;0;0
27.04.2023;0;0;;0;0;0;0;0;0;0;1.7;2.55;5.1;6.8;5.1;9.35;5.95;3.4;0.85;0.85;0;0;0;0;0;0;0
28.04.2023;0;0;;0;0;0;0;0;0;0;0;0.85;2.55;0.85;1.7;1.7;2.55;0.85;2.55;1.7;0;0;0;0;0;0;0
29.04.2023;0;0;;0;0;0;0;0;0;0;1.7;3.4;3.4;2.55;1.7;4.25;1.7;1.7;0.85;1.7;0;0;0;0;0;0;0
30.04.2023;0;0;;0;0;0;0;0;0;1.7;3.4;6.8;5.1;7.65;10;6.8;1.7;3.4;4.25;3.4;1.24;0;0;0;0;0;0
1.05.2023;0;0;;0;0;0;0;0;0;2.55;6.8;8.5;10;10;10;10;10;10;7.65;0;0.85;0;0;0;0;0;0
2.05.2023;0;0;;0;0;0;0;0;0;2.55;6.8;8.5;6.8;9.35;7.65;10;10;9.35;8.5;0;0.85;0.85;0;0;0;0;0
3.05.2023;0;0;;0;0;0;0;0;0;0;5.95;9.35;10;10;10;10;10;9.35;8.5;4.25;0.85;0;0;0;0;0;0
4.05.2023;0;0;;0;0;0;0;0;0;0;5.95;8.5;10;9.35;10;9.35;9.35;8.5;5.1;2.55;1.7;0;0;0;0;0;0
5.05.2023;0;0;;0;0;0;0;0;0;0;5.95;9.35;10;10;9.18;10;6.8;3.4;1.7;2.55;1.7;0;0;0;0;0;0
6.05.2023;0;0;;0;0;0;0;0;0;2.55;6;9.35;10;9.35;8.5;9.35;10;10;7.65;3.4;0.85;0;0;0;0;0;0
7.05.2023;0;0;;0;0;0;0;0;0;0;4.25;9.35;9.35;9.35;6.98;5.95;2.55;3.4;3.4;2.55;0.85;0;0;0;0;0;0
8.05.2023;0;0;;0;0;0;0;0;0;0;2.55;5.13;2.55;4.25;5.11;6.8;6.8;5.1;5.95;4.25;1.37;0.85;0;0;0;0;0
9.05.2023;0;0;;0;0;0;0;0;0;0;5.95;9.35;9.35;6.8;5.95;8.53;10;6.8;6.8;2.55;1.7;0;0;0;0;0;0
10.05.2023;0;0;;0;0;0;0;0;0;3.4;5.95;7.65;8.5;6.8;3.41;2.55;8.5;5.95;2.55;1.7;0.85;0;0;0;0;0;0
11.05.2023;0;0;;0;0;0;0;0;0;2.55;4.25;5.95;8.43;8.5;10;10;9.35;5.1;7.65;1.7;0.85;0.85;0;0;0;0;0
12.05.2023;0;0;;0;0;0;0;0;0;0.85;3.4;5.1;4.25;4.25;4.25;8.5;5.1;0.85;2.55;1.7;0.85;0;0;0;0;0;0
13.05.2023;0;0;;0;0;0;0;0;0;0;0;1.7;2.55;5.1;5.1;6.8;5.1;5.95;4.25;3.4;0.85;0;0;0;0;0;0
14.05.2023;0;0;;0;0;0;0;0;0;3.4;5.1;7.65;8.5;7.65;7.65;8.5;5.95;8.5;6.8;5.1;0.85;0;0;0;0;0;0
15.05.2023;0;0;;0;0;0;0;0;0;0;5.1;7.65;8.5;6.8;10;10;10;9.35;6.8;4.25;1.7;0;0;0;0;0;0
16.05.2023;0;0;;0;0;0;0;0;0;2.55;6.28;8.76;8.76;10;10;10;10;10;9.56;4.34;1.5;0;0;0;0;0;0
17.05.2023;0;0;;0;0;0;0;0;0;0;5;7;8.5;6.8;10;10;10;9.35;6.8;4.25;1.7;0;0;0;0;0;0
18.05.2023;0;0;;0;0;0;0;0;0;0;3.1;7.65;8.5;6.8;10;10;10;9.35;6.8;4.25;1.7;0;0;0;0;0;0
19.05.2023;0;0;;0;0;0;0;0;0;0;5.31;9.63;7.11;8.86;7.85;5.55;4.45;6.27;1.77;2.95;0.94;0;0;0;0;0;0
20.05.2023;0;0;;0;0;0;0;0;0;1.86;6.99;6.78;4.86;4.76;0.92;0.85;1.89;2.81;6.42;3.93;0;0;0;0;0;0;0
21.05.2023;0;0;;0;0;0;0;0;0;1.73;6.6;8.85;10;9.47;8.65;5.29;5.15;6.3;2.17;3.05;0;0;0;0;0;0;0
22.05.2023;0;0;;0;0;0;0;0;0;2.69;4.01;4.75;5.94;8.05;1.9;8.71;8.16;7.85;5.39;2.79;1.91;0;0;0;0;0;0
23.05.2023;0;0;;0;0;0;0;0;0;0;4.58;6.75;9.44;7.61;5.92;5.56;7.24;3.9;1.73;2.37;0;0;0;0;0;0;0
24.05.2023;0;0;;0;0;0;0;0;0;2.69;4.01;4.75;5.94;8.05;1.9;8.71;8.16;7.85;5.39;2.79;0;0;0;0;0;0;0
25.05.2023;0;0;;0;0;0;0;0;0;1.69;4.01;4.75;5.94;8.05;1.9;8.71;8.16;7.85;5.39;2.79;0;0;0;0;0;0;0
26.05.2023;0;0;;0;0;0;0;0;0;0;6.65;8.5;10;10;9.35;5.1;5.95;5.1;5.1;2.55;0;0;0;0;0;0;0
27.05.2023;0;0;;0;0;0;0;0;0;0;2.55;5.1;6.8;9;6.8;5.1;9.35;8.5;7.67;4.25;1.7;0;0;0;0;0;0
28.05.2023;0;0;;0;0;0;0;0;0;0;0;0;2.55;4.5;6.8;4.25;5.1;5.95;3.4;0.85;0;0;0;0;0;0;0
29.05.2023;0;0;;0;0;0;0;0;0;0.86;3.64;7.33;7.33;9.1;10;9.7;10;9.55;7.55;3.99;1.75;0.85;0;0;0;0;0
30.05.2023;0;0;;0;0;0;0;0;0;0;6.75;9.19;10;8.86;10;9.65;7.97;9.01;2.59;1.78;1.87;0;0;0;0;0;0
31.05.2023;0;0;;0;0;0;0;0;0;2.68;5.42;8.38;9.39;7.53;7.41;5.03;5.62;3.6;4.24;2.03;0.95;0;0;0;0;0;0
1.06.2023;0;0;;0;0;0;0;0;0;2.65;6.96;8.76;7.91;8.46;3.78;7.8;7.56;4.21;1.77;0;0.86;0;0;0;0;0;0
2.06.2023;0;0;;0;0;0;0;0;0;3;5.6;6.56;9.43;9.91;9.45;5.01;4.96;2.72;1.8;2.74;1.83;0;0;0;0;0;0
3.06.2023;0;0;;0;0;0;0;0;0;2.93;4.35;9.71;10;10;10;10;9.25;6.57;4.86;2.6;0.88;0.85;0;0;0;0;0
4.06.2023;0;0;;0;0;0;0;0;0;0;0;3.76;6.61;10;7.59;6.7;10;9.17;3.63;0.91;0;0;0;0;0;0;0
5.06.2023;0;0;;0;0;0;0;0;0;1.76;2;4.43;0.86;1.79;3.54;7.5;8.26;9.79;5.48;3.01;1.75;0;0;0;0;0;0
6.06.2023;0;0;;0;0;0;0;0;0;1.87;4.25;3.88;8.93;8.61;8.49;6.19;6.4;7.22;7.66;3.7;2.09;0.85;0;0;0;0;0
7.06.2023;0;0;;0;0;0;0;0;0;2.55;3.1;8.76;8.76;10;10;10;10;10;9.56;4.34;1.5;0;0;0;0;0;0
8.06.2023;0;0;;0;0;0;0;0;0;0.9;5.95;8.52;10;9.35;9.35;10;10;7.65;4.25;1.7;0;0;0;0;0;0;0
9.06.2023;0;0;;0;0;0;0;0;0.83;3.72;5.64;8.07;9.29;10;5.85;8.1;1.65;2.73;2.79;1.23;0.14;0;0;0;0;0;0
10.06.2023;0;0;;0;0;0;0;0.14;0.64;2.99;5.33;6.5;8.81;7.71;6.25;6.23;7.03;8.74;4.21;3.01;1.83;0.48;0;0;0;0;0
11.06.2023;0;0;;0;0;0;0;0.11;0.64;2.83;5.71;8.46;10;6.67;3.73;5.42;2.94;0.31;0.87;2.53;0.75;0.05;0;0;0;0;0
12.06.2023;0;0;;0;0;0;0;0.15;0.94;2.75;4.92;7.54;7.78;6.86;9.64;8.73;1.62;0.19;2.67;3.17;1.22;0.4;0;0;0;0;0
13.06.2023;0;0;;0;0;0;0;0;0.32;0.71;1.93;3.23;0.64;6.6;9.3;10;9.33;2.46;1.34;0.09;0;0;0;0;0;0;0
14.06.2023;0;0;;0;0;0;0;0.19;1.24;3.12;3.94;6.29;4.22;6.43;7.32;8.1;9.97;6.29;2.96;2.32;2.02;0.58;0.01;0;0;0;0
15.06.2023;0;0;;0;0;0;0;0.13;0.72;1.86;4.91;4.42;5.1;6.57;6.39;7.14;7.68;3.92;5.14;0.02;1.67;0.23;0;0;0;0;0
16.06.2023;0;0;;0;0;0;0;0.1;0.55;2.85;6.08;7.05;6.8;8.97;9.07;10;9.81;9.31;7.57;1.96;0.93;0.29;0;0;0;0;0
17.06.2023;0;0;;0;0;0;0;0.13;0.84;2.8;5.61;8.07;10;10;10;9.56;9.74;8.25;5;3.36;1.94;0.69;0;0;0;0;0
18.06.2023;0;0;;0;0;0;0;0.13;0.12;2.8;5.61;8.07;10;10;0;0;0;0;0;0;0;0;0;0;0;0;0
19.06.2023;0;0;;0;0;0;0;0.11;0.76;2.82;5.29;8.37;8.66;6.65;8.84;9.59;10;9.43;6.64;0.2;0.87;0.08;0;0;0;0;0
20.06.2023;0;0;;0;0;0;0;0.06;0;1.7;2.37;7.12;7.01;7.42;9.75;4.69;7.44;4.14;5.18;3.17;1.47;0.35;0;0;0;0;0
21.06.2023;0;0;;0;0;0;0;0.18;0.78;3.01;5.97;7.6;6.11;4.8;6.75;5.79;1.55;4.11;2.6;2.07;1.64;0.32;0;0;0;0;0
22.06.2023;0;0;;0;0;0;0;0.1;0.6;2.87;6.17;9.22;7.79;5;3.95;2.59;3.69;6.61;3.36;4.42;1.38;0.32;0;0;0;0;0
23.06.2023;0;0;;0;0;0;0;0.11;0.67;2.84;6.03;9.1;7.92;8.83;8.71;8.39;9.81;8.63;7.89;4.73;1.71;0.25;0;0;0;0;0
24.06.2023;0;0;;0;0;0;0;0.08;0.58;2.82;6.19;9;10;10;10;10;10;9.88;7.8;4.88;1.71;0.26;0;0;0;0;0
25.06.2023;0;0;;0;0;0;0;0.09;0.55;2.78;6.1;8.7;10;10;10;10;10;9.4;7.4;4.8;1.7;0.3;0;0;0;0;0
26.06.2023;0;0;;0;0;0;0;0.1;0.52;2.71;5.87;8.38;10;10;10;10;10;9.57;7.52;5.31;2.07;0.32;0;0;0;0;0
27.06.2023;0;0;;0;0;0;0;0.16;0.66;2.66;5.71;8.16;10;8.67;9.7;9.44;8.67;6.3;5.12;4.17;1.28;0.36;0;0;0;0;0
28.06.2023;0;0;;0;0;0;0;0.11;0.6;2.64;5.76;8.38;10;9.53;9.28;8.28;5.39;4.75;6.59;5.74;1.88;0.41;0;0;0;0;0
29.06.2023;0;0;;0;0;0;0;0.07;0.6;2.57;5.5;7.98;9.4;9.24;9.31;7.95;5.71;5.03;6.54;4.46;2.01;0.46;0;0;0;0;0
30.06.2023;0;0;;0;0;0;0;0.1;0.83;2.85;5.57;7.82;10;9.71;9.29;9.78;10;9.64;7.68;5.03;1.78;0.25;0;0;0;0;0
1.07.2023;0;0;;0;0;0;0;0.09;0.53;2.62;5.83;8.49;10;10;10;10;10;9.68;7.61;4.81;1.74;0.25;0;0;0;0;0
2.07.2023;0;0;;0;0;0;0;0.07;0.49;2.6;5.73;8.3;10;10;10;10;10;9.45;7.42;4.71;1.69;0.25;0;0;0;0;0
3.07.2023;0;0;;0;0;0;0;0.06;0.57;2.51;5.5;7.98;9.75;10;9.57;8.76;9.59;6.9;5.6;4.88;1.42;0.39;0;0;0;0;0
4.07.2023;0;0;;0;0;0;0;0.08;0.57;2.48;5.56;8.22;9.93;10;10;8.45;8;8.63;4.29;4.64;1.73;0.38;0.01;0;0;0;0
5.07.2023;0;0;;0;0;0;0;0.08;0.5;2.54;5.68;8.16;9.96;10;10;10;10;9.35;7.25;4.7;1.71;0.27;0;0;0;0;0
6.07.2023;0;0;;0;0;0;0;0.06;0.5;2.49;5.53;8;9.82;10;10;9.68;10;6.02;4.87;4.42;1.7;0.45;0;0;0;0;0
7.07.2023;0;0;;0;0;0;0;0.05;0.55;2.46;5.48;7.1;9.83;10;10;8.09;8.54;4.37;5.79;5.64;2.03;0.49;0;0;0;0;0
8.07.2023;0;0;;0;0;0;0;0.1;0.46;2.54;5.14;8.14;9.24;7.53;7.89;7.33;2.65;4.73;5.53;4.44;0.97;0.31;0;0;0;0;0
9.07.2023;0;0;;0;0;0;0;0.05;1.12;3.16;3.32;5.35;6.57;7.64;8.16;5.59;9.39;9.92;7.92;3.23;1.65;0.42;0;0;0;0;0
10.07.2023;0;0;;0;0;0;0;0;0.59;1.78;2.87;4.75;4.17;6.65;3.2;7.64;3.5;2.71;0.92;0.65;0.71;0.42;0.03;0;0;0;0
11.07.2023;0;0;;0;0;0;0;0.04;0.52;2.59;6.02;8.96;10;9.97;10;10;10;10;7.97;4.97;1.83;0.33;0;0;0;0;0
12.07.2023;0;0;;0;0;0;0;0.09;0.51;2.56;5.85;8.5;10;10;10;10;10;9.89;7.71;4.87;1.76;0.28;0;0;0;0;0
13.07.2023;0;0;;0;0;0;0;0.07;0.48;2.49;5.3;8.46;10;10;10;10;10;9.9;7.75;4.92;0;0;0;0;0;0;0
14.07.2023;0;0;;0;0;0;0;0.04;0.46;2.51;5.85;8.46;9.82;10;10;10;10;9.79;7.64;4.85;1.73;0.21;0;0;0;0;0
15.07.2023;0;0;;0;0;0;0;0.04;0.57;2.48;5.58;8.3;10;10;10;10;10;9.85;7.64;4.77;1.75;0.27;0;0;0;0;0
16.07.2023;0;0;;0;0;0;0;0.03;0.43;2.47;5.9;8.72;10;10;10;10;10;10;7.85;5;1.77;0.25;0;0;0;0;0
17.07.2023;0;0;;0;0;0;0;0.03;0.42;2.5;5.82;8.75;10;10;10;10;10;9.82;7.39;4.85;1.74;0.25;0;0;0;0;0
18.07.2023;0;0;;0;0;0;0;0.03;0.4;2.48;5.82;8.53;10;10;10;10;10;9.94;7.83;4.95;1.74;0.25;0;0;0;0;0
19.07.2023;0;0;;0;0;0;0;0.03;0.42;2.43;5.75;8.46;10;10;10;10;10;9.83;7.66;4.85;1.72;0.23;0;0;0;0;0
20.07.2023;0;0;;0;0;0;0;0.03;0.39;2.34;5.55;8.18;9.98;10;10;10;10;9.38;7.47;4.78;1.67;0.23;0;0;0;0;0
21.07.2023;0;0;;0;0;0;0;0.03;0.44;2.28;5.35;7.89;9.78;10;10;10;10;9.2;7.07;4.45;1.56;0.25;0;0;0;0;0
22.07.2023;0;0;;0;0;0;0;0.03;0.46;2.2;5.17;7.69;9.61;10;9.57;10;10;9.41;7.34;4.58;1.6;0.27;0;0;0;0;0
23.07.2023;0;0;;0;0;0;0;0.02;0.39;2.31;5.59;8.35;10;10;10;10;10;9.68;7.5;4.63;1.64;0.22;0;0;0;0;0
24.07.2023;0;0;;0;0;0;0;0.04;0.5;2.34;5.19;7.71;10;10;10;8.11;8.37;9.74;6.33;4.55;1.65;0.25;0;0;0;0;0
25.07.2023;0;0;;0;0;0;0;0.02;0.46;2.38;5.62;8.49;10;10;10;10;10;9.92;7.74;4.83;1.71;0.2;0;0;0;0;0
26.07.2023;0;0;;0;0;0;0;0.02;0.46;2.33;5.52;8.22;10;10;10;10;10;9.42;7.4;4.64;1.65;0.24;0;0;0;0;0
27.07.2023;0;0;;0;0;0;0;0.01;0.46;2.21;5.32;7.85;9.62;10;10;10;10;9.33;7.29;4.54;1.59;0.22;0;0;0;0;0
28.07.2023;0;0;;0;0;0;0;0.01;0.53;2.2;5.17;7.57;6.32;6.28;9.64;9.81;10;9.31;7.28;4.48;1.57;0.22;0;0;0;0;0
29.07.2023;0;0;;0;0;0;0;0.01;2.21;2.21;5.42;8.21;10;10;10;10;10;9.48;7.44;4.59;1.57;0.18;0;0;0;0;0
30.07.2023;0;0;;0;0;0;0;0.01;0.32;2.27;5.57;8.32;9.96;10;10;10;10;8.57;7.42;4.5;1.53;0.19;0;0;0;0;0
31.07.2023;0;0;;0;0;0;0;0;0;1.87;3.88;3.88;8.93;8.61;8.49;6.19;6.4;7.22;7.66;3.7;2.09;0;0;0;0;0;0
1.08.2023;0;0;;0;0;0;0;0;0.35;2.17;5;7.57;9.86;10;10;10;10;9.01;7.02;4.28;1.43;0.17;0;0;0;0;0
2.08.2023;0;0;;0;0;0;0;0;0.45;2.08;5.02;7.52;9.42;10;10;10;10;9.07;6.94;4.17;1.44;0.19;0;0;0;0;0
3.08.2023;0;0;;0;0;0;0;0;0.36;2.08;5.08;7.69;9.57;10;10;10;10;9.19;6.95;4.16;1.4;0.18;0;0;0;0;0
4.08.2023;0;0;;0;0;0;0;0;0.32;2.09;5.19;8;9.98;10;10;10;10;9.66;7.42;4.51;1.46;0.14;0;0;0;0;0
5.08.2023;0;0;;0;0;0;0;0;0.3;2.15;5.37;8;9.89;10;10;10;10;9.35;7.28;4.39;1.42;0.15;0;0;0;0;0
6.08.2023;0;0;;0;0;0;0;0;0.31;2.1;5.23;7.86;9.78;10;10;10;10;9;7.02;4.15;1.36;0.15;0;0;0;0;0
7.08.2023;0;0;;0;0;0;0;0;0.34;2.01;5;7.61;9.47;10;10;10;10;9.01;6.81;4.16;1.32;0.15;0;0;0;0;0
8.08.2023;0;0;;0;0;0;0;0;0.35;1.98;4.88;7.42;9.42;10;10;10;9.97;8.63;6.79;3.07;1.58;0.17;0;0;0;0;0
9.08.2023;0;0;;0;0;0;0;0;0.35;1.95;4.82;7.45;9.28;9.68;10;10;9.74;8.54;5.95;3.98;1.29;0.1;0;0;0;0;0
10.08.2023;0;0;;0;0;0;0;0;0.35;2;5;7.55;9.46;10;10;10;10;8.9;6.89;4.06;1.07;0.1;0;0;0;0;0
11.08.2023;0;0;;0;0;0;0;0;0.39;1.95;4.82;7.46;9.35;10;10;10;10;8.8;6.8;4.1;1.4;0.21;0;0;0;0;0
12.08.2023;0;0;;0;0;0;0;0;0.35;1.94;4.8;7.57;9.57;10;10;10;9.78;8.74;6.85;4.11;1.21;0.1;0;0;0;0;0
13.08.2023;0;0;;0;0;0;0;0;0.32;1.93;4.88;7.57;9.42;10;10;9.82;9.16;8.4;5.04;2.91;1.14;0.06;0;0;0;0;0
14.08.2023;0;0;;0;0;0;0;0;0.33;1.91;4.66;7.36;9.3;10;10;9.62;8.93;4.72;6.82;2.16;0.41;0.04;0;0;0;0;0
15.08.2023;0;0;;0;0;0;0;0;0.37;1.65;5.06;6.19;6.66;10;10;10;9.9;8.7;6.64;3.83;1.16;0.08;0;0;0;0;0
16.08.2023;0;0;;0;0;0;0;0;0.3;1.97;5.01;7.62;9.5;10;10;10;10;9.07;6.92;4.02;1.17;0.07;0;0;0;0;0
17.08.2023;0;0;;0;0;0;0;0;0.26;2;5.13;7.84;9.66;10;10;10;10;9;6.85;9.89;1.17;0.07;0;0;0;0;0
18.08.2023;0;0;;0;0;0;0;0;0.28;1.92;4.85;7.46;9.41;10;10;10;10;8.9;6.71;0;0;0;0;0;0;0;0
19.08.2023;0;0;;0;0;0;0;0;0;0;4.88;7.54;9.54;10;10;10;9.67;8.5;6.65;3.74;1.09;0.06;0;0;0;0;0
20.08.2023;0;0;;0;0;0;0;0;0.26;1.92;4.92;7.76;9.68;10;10;10;10;9.03;6.82;3.89;1.08;0.05;0;0;0;0;0
21.08.2023;0;0;;0;0;0;0;0;0.25;1.94;5;7.64;9.52;10;10;10;10;8.96;6.68;3.81;1.03;0.05;0;0;0;0;0
22.08.2023;0;0;;0;0;0;0;0;0.22;1.91;5.04;7.73;9.86;10;10;10;10;9.13;6.79;3.89;1.03;0.03;0;0;0;0;0
23.08.2023;0;0;;0;0;0;0;0;0.21;1.94;5.11;7.76;9.69;10;10;10;10;9.03;6.72;3.78;1;0.04;0;0;0;0;0
24.08.2023;0;0;;0;0;0;0;0;0.22;1.89;4.88;7.54;9.68;10;10;10;10;0.91;6.3;3.53;0.96;0.03;0;0;0;0;0
25.08.2023;0;0;;0;0;0;0;0;0.25;1.82;4.79;7.44;9.54;10;10;10;10;8.89;6.65;3.68;0.94;0.05;0;0;0;0;0
26.08.2023;0;0;;0;0;0;0;0;0.21;1.9;5.12;7.95;9.97;10;10;10;10;9.21;6.83;3.81;0.95;0.04;0;0;0;0;0
27.08.2023;0;0;;0;0;0;0;0;0.21;1.86;4.97;7.67;9.67;10;10;10;10;8.75;6.43;3.49;0.84;0.03;0;0;0;0;0
28.08.2023;0;0;;0;0;0;0;0;0.25;1.74;4.6;7.46;9.31;7.88;1.21;5.66;1.06;0.99;1.03;0.98;0.58;0.02;0;0;0;0;0
29.08.2023;0;0;;0;0;0;0;0;0.15;1.79;4.64;6.83;6.71;9.07;9.57;9.45;8.88;9.32;6.88;4.04;1.35;0.04;0;0;0;0;0
30.08.2023;0;0;;0;0;0;0;0;0.22;1.89;5.13;7.88;9.81;9.11;3.93;10;7.61;7.76;6.71;3.39;0.82;0.03;0;0;0;0;0
31.08.2023;0;0;;0;0;0;0;0;0.21;1.92;5.13;7.88;9.82;10;10;10;10;8.92;6.68;3.59;0.74;0.01;0;0;0;0;0
1.09.2023;0;0;;0;0;0;0;0;0.01;1.89;5.06;7.8;9.1;10;10;10;9.94;8.7;6.46;3.64;0.72;0.01;0;0;0;0;0
2.09.2023;0;0;;0;0;0;0;0;0.22;1.83;4.89;7.69;9.86;10;10;10;10;6.9;2.62;1.14;0.56;0;0;0;0;0;0
3.09.2023;0;0;;0;0;0;0;0;0.19;1.85;4.64;7.35;7.64;3.95;3.9;8.03;9.49;4.89;0.81;0.27;0;0.01;0;0;0;0;0
4.09.2023;0;0;;0;0;0;0;0;0.1;1.81;4.21;6.19;6.92;7.24;8.99;9.65;9.29;6.74;1.14;2.87;0.47;0;0;0;0;0;0
5.09.2023;0;0;;0;0;0;0;0;0.21;1.96;5.31;8.16;10;10;10;10;10;9.22;6.83;3.62;0.64;0;0;0;0;0;0
6.09.2023;0;0;;0;0;0;0;0;0.16;2.04;5.42;8.21;10;10;10;10;10;9.01;6.6;3.39;0.63;0;0;0;0;0;0
7.09.2023;0;0;;0;0;0;0;0;0.2;1.92;5.18;7.98;10;10;10;10;10;9.12;6.71;3.42;0.6;0;0;0;0;0;0
8.09.2023;0;0;;0;0;0;0;0;0.18;1.92;5.18;8.09;10;10;10;10;9.81;7.96;6.59;1.95;0.67;0;0;0;0;0;0
9.09.2023;0;0;;0;0;0;0;0;0.17;1.85;5.1;8.1;10;10;10;10;10;8.82;6.41;3.22;0.53;0;0;0;0;0;0
10.09.2023;0;0;;0;0;0;0;0;0.14;1.66;5.13;8.47;10;10;9.87;9.55;7;8.52;6.85;3.38;0.54;0;0;0;0;0;0
11.09.2023;0;0;;0;0;0;0;0;0.16;1.54;3.24;5.5;9.21;10;10;10;9.54;5.48;3.32;2.11;0.45;0;0;0;0;0;0
12.09.2023;0;0;;0;0;0;0;0;0.14;2.06;5.69;8.6;10;10;10;10;10;9.62;7.07;2.82;0.33;0;0;0;0;0;0
13.09.2023;0;0;;0;0;0;0;0;0.14;2.06;5.64;8.64;10;10;10;10;10;9.57;6.98;3.49;0.51;0;0;0;0;0;0
14.09.2023;0;0;;0;0;0;0;0;0.15;2.06;5.69;8.74;10;10;10;10;10;9.54;6.93;3.42;0;0;0;0;0;0;0
15.09.2023;0;0;;0;0;0;0;0;0.11;2.01;5.6;8.56;10;10;10;10;10;9.25;6.63;3.27;0.45;0;0;0;0;0;0
16.09.2023;0;0;;0;0;0;0;0;0.13;1.95;5.48;8.35;10;10;10;10;10;9.21;6.55;3.09;0.42;0;0;0;0;0;0
17.09.2023;0;0;;0;0;0;0;0;0.14;1.95;5.36;8.32;10;10;10;10;10;9.11;6.53;3.1;0.38;0;0;0;0;0;0
18.09.2023;0;0;;0;0;0;0;0;0.11;2.02;5.54;8.67;10;10;10;10;10;9.11;6.42;0;0;0;0;0;0;0;0
19.09.2023;0;0;;0;0;0;0;0;0.09;1.98;4.56;8.29;10;10;10;10;9.95;8.82;6.4;2.71;0.39;0;0;0;0;0;0
20.09.2023;0;0;;0;0;0;0;0;0.1;1.76;4.66;7.68;9.65;10;10;10;9.5;8.71;5.93;2.6;0.26;0;0;0;0;0;0
21.09.2023;0;0;;0;0;0;0;0;0.07;1.83;5.18;8.04;9.98;10;10;10;10;8.52;6.03;2.71;0.25;0;0;0;0;0;0
22.09.2023;0;0;;0;0;0;0;0;0.09;1.78;4.89;7.78;9.75;10;10;10;10;7.14;5.64;2.43;0.21;0;0;0;0;0;0
23.09.2023;0;0;;0;0;0;0;0;0.09;1.69;4.92;7.71;9.66;10;10;10;9.9;8.15;5.62;2.42;0.2;0;0;0;0;0;0
24.09.2023;0;0;;0;0;0;0;0;0.08;1.66;4.85;7.65;9.6;10;10;10;10;8.42;5.71;2.35;0.2;0;0;0;0;0;0
25.09.2023;0;0;;0;0;0;0;0;0.08;1.75;5.18;8;9.95;10;10;10;10;8.53;5.91;2.49;0.2;0;0;0;0;0;0
26.09.2023;0;0;;0;0;0;0;0;0.07;1.85;5.3;8.21;10;10;10;10;9.9;8.21;5.71;2.2;0;0;0;0;0;0;0
27.09.2023;0;0;;0;0;0;0;0;0.07;1.69;4.96;7.83;9.82;10;10;10;10;8.36;5.62;2.29;0.15;0;0;0;0;0;0
28.09.2023;0;0;;0;0;0;0;0;0.07;1.65;4.89;7.78;9.7;10;8.6;9.89;9.97;8.14;4.81;0.4;0.02;0;0;0;0;0;0
29.09.2023;0;0;;0;0;0;0;0;0.07;1.57;4.85;7.76;9.71;10;10;10;10;8.11;5.26;1.91;0.1;0;0;0;0;0;0
30.09.2023;0;0;;0;0;0;0;0;0.03;1.5;4.82;7.65;9.63;10;8.75;8.66;6.62;2.82;6.32;1.46;0.04;0;0;0;0;0;0
1.10.2023;0;0;;0;0;0;0;0;0.06;1.54;4.65;6;7.78;9.21;8.7;5.67;0.26;0.57;0.11;0.06;0;0;0;0;0;0;0
2.10.2023;0;0;;0;0;0;0;0;0.02;0.26;0.76;1.53;2.92;3.66;5.34;6;5.16;2;1.2;0.75;0.04;0;0;0;0;0;0
3.10.2023;0;0;;0;0;0;0;0;0.03;1.1;4.99;8.32;9.97;10;6.32;7.75;7.04;7.55;3.08;1.85;0.05;0;0;0;0;0;0
4.10.2023;0;0;;0;0;0;0;0;0.03;1.58;5.09;8.53;8.77;8.44;7.43;9.78;9.74;8.38;5.33;1.78;0.06;0;0;0;0;0;0
5.10.2023;0;0;;0;0;0;0;0;0.05;1.7;5.4;8.42;9.76;9.85;9.81;9.8;9.78;8.47;5.52;1.85;0.05;0;0;0;0;0;0
6.10.2023;0;0;;0;0;0;0;0;0.04;1.54;5;7.97;9.71;9.81;9.81;9.81;9.67;8.05;5.05;1.55;0.03;0;0;0;0;0;0
7.10.2023;0;0;;0;0;0;0;0;0.02;1.5;5.02;8.11;9.69;9.8;9.78;9.78;9;7.37;5.25;1.57;0.03;0;0;0;0;0;0
8.10.2023;0;0;;0;0;0;0;0;0.03;1.65;4.9;5.89;9.43;8.81;8.96;9.41;9.35;5.4;4.17;1.39;0.07;0;0;0;0;0;0
9.10.2023;0;0;;0;0;0;0;0;0.01;1.24;3.27;7.75;9.32;9.64;9.57;8.89;9.31;7.83;4.61;1.39;0.04;0;0;0;0;0;0
10.10.2023;0;0;;0;0;0;0;0;0;0.53;4.49;7.35;8.53;9.79;8.32;8.64;8.89;6.81;2;0.67;0;0;0;0;0;0;0
11.10.2023;0;0;;0;0;0;0;0;0.01;1.42;4.92;7.98;9.68;9.81;9.8;9.79;9.75;8.35;5.36;1.65;0.03;0;0;0;0;0;0
12.10.2023;0;0;;0;0;0;0;0;0;1.5;5.1;8.17;9.73;9.79;9.81;9.82;9.64;8.04;5;1.47;0.02;0;0;0;0;0;0
13.10.2023;0;0;;0;0;0;0;0;0;1.42;5.07;8.05;9.68;9.78;9.81;9.85;9.67;8.15;5.11;1.46;0;0;0;0;0;0;0
14.10.2023;0;0;;0;0;0;0;0;0.02;1.34;5;8.02;9.62;9.8;9.81;9.8;9.53;7.77;4.76;1.25;0;0;0;0;0;0;0
15.10.2023;0;0;;0;0;0;0;0;0;0.03;0.21;0.27;0.6;3.16;3.42;3.72;4.35;5.29;2.68;1.27;0.01;0;0;0;0;0;0
16.10.2023;0;0;;0;0;0;0;0;0;1.07;4.67;7.75;9.54;9.81;7.55;3.8;9.16;7.61;4.9;0;0;0;0;0;0;0;0
17.10.2023;0;0;;0;0;0;0;0;0;1.1;4.61;7.67;9.52;9.84;9.77;9.8;9.56;2.82;0.73;0.38;0;0;0;0;0;0;0
18.10.2023;0;0;;0;0;0;0;0;0;0.37;2.68;6.66;7.73;8.78;6.24;7.31;4.9;3.21;1.18;0.11;0;0;0;0;0;0;0
19.10.2023;0;0;;0;0;0;0;0;0;0.55;1.42;4.47;5.68;6.04;6.53;9.64;9.52;6.86;4.54;0.31;0;0;0;0;0;0;0
20.10.2023;0;0;;0;0;0;0;0;0;1.08;4.85;7.98;9.67;9.78;8.46;9.19;6.85;7.76;4.07;1.1;0;0;0;0;0;0;0
21.10.2023;0;0;;0;0;0;0;0;0;1.01;4.62;7.64;9.47;9.79;9.85;9.78;9.38;7.53;4.35;0.87;0;0;0;0;0;0;0
22.10.2023;0;0;;0;0;0;0;0;0;0.94;4.53;7.52;9.4;9.78;9.83;9.78;9.61;6.82;4.5;0.89;0;0;0;0;0;0;0
23.10.2023;0;0;;0;0;0;0;0;0;0.86;4.35;7.33;9.27;9.71;9.82;9.7;8.48;7.07;3.95;0.63;0;0;0;0;0;0;0
24.10.2023;0;0;;0;0;0;0;0;0;0.79;4.26;7.35;9.28;9.81;9.78;9.76;7.83;0.94;0.46;0.39;0;0;0;0;0;0;0
25.10.2023;0;0;;0;0;0;0;0;0;0.71;4.18;7.3;9.34;9.73;9.74;9.31;8.99;5.18;2.31;0.26;0;0;0;0;0;0;0
26.10.2023;0;0;;0;0;0;0;0;0;0.42;1.42;4.48;4.61;3.82;5.75;5.62;3.57;3.59;2.53;0.35;0;0;0;0;0;0;0
27.10.2023;0;0;;0;0;0;0;0;0;0.22;2.52;7.17;8.57;6.99;9.82;9.71;9.39;7.48;4.21;0.62;0;0;0;0;0;0;0
28.10.2023;0;0;;0;0;0;0;0;0;0.59;4.39;7.5;9.32;9.83;9.78;9.78;8.64;6.75;1.87;0.34;0;0;0;0;0;0;0
29.10.2023;0;0;;0;0;0;0;0;0;0.6;4.28;7.32;9.28;9.65;9.65;9.57;9.24;7.11;3.88;0.05;0;0;0;0;0;0;0
30.10.2023;0;0;;0;0;0;0;0;0;0.78;3.64;6.13;7.5;9.5;9.4;8.45;7.32;5.39;1.75;0.23;0;0;0;0;0;0;0
31.10.2023;0;0;;0;0;0;0;0;0;0.43;1.88;5.3;8.76;9.54;9.45;8.53;5.74;3.05;2.07;0.39;0;0;0;0;0;0;0
1.11.2023;0;0;;0;0;0;0;0;0;0.29;1.58;2.4;2.67;4.67;1.59;1.14;1.91;1.08;1.11;0.1;0;0;0;0;0;0;0
2.11.2023;0;0;;0;0;0;0;0;0;0.45;3.92;7.23;9.36;9.38;8.82;6.18;3.34;2.17;0.75;0.03;0;0;0;0;0;0;0
3.11.2023;0;0;;0;0;0;0;0;0;0.35;4.08;6.8;7.98;5.94;4.6;4.73;8.85;7.03;3.42;0.39;0;0;0;0;0;0;0
4.11.2023;0;0;;0;0;0;0;0;0;0.33;4.11;7.26;9.21;9.64;9.6;9.57;8.96;6.94;0;0.42;0;0;0;0;0;0;0
5.11.2023;0;0;;0;0;0;0;0;0;0.34;3.46;6.95;8.57;8.92;9.64;9.63;8.98;5.59;2.88;0.28;0;0;0;0;0;0;0
6.11.2023;0;0;;0;0;0;0;0;0;0.28;3.25;6.71;8.7;9.57;9.64;9.04;8.78;6.61;3.18;0.23;0;0;0;0;0;0;0
7.11.2023;0;0;;0;0;0;0;0;0;0.3;3.79;7;9.09;7;9.24;9.6;9.03;6.76;3.66;0.32;0;0;0;0;0;0;0
8.11.2023;0;0;;0;0;0;0;0;0;0.29;3.91;7.37;9.39;9.78;9.81;9.79;9.14;6.95;3.57;0.26;0;0;0;0;0;0;0
9.11.2023;0;0;;0;0;0;0;0;0;0.38;3.2;5.47;3.42;3.03;4.85;4.97;5.59;6.6;3.25;0.19;0;0;0;0;0;0;0
10.11.2023;0;0;;0;0;0;0;0;0;0.23;3.05;6.59;8.86;9.75;9.82;9.73;8.95;6.47;3.09;0.12;0;0;0;0;0;0;0
11.11.2023;0;0;;0;0;0;0;0;0;0.21;2.85;6.75;8.71;9.66;9.82;8.61;8.68;6.85;2.04;0.13;0;0;0;0;0;0;0
12.11.2023;0;0;;0;0;0;0;0;0;0.34;2.34;3.54;7.39;6.66;5.8;4.78;6.48;6.72;2.07;0.1;0;0;0;0;0;0;0
13.11.2023;0;0;;0;0;0;0;0;0;0.24;2.2;0;5.37;6.64;7.07;5.25;2.73;2.06;0.99;0.7;0;0;0;0;0;0;0
14.11.2023;0;0;;0;0;0;0;0;0;0.16;0.75;1.21;1.94;2.84;2.56;1.69;2.18;1.52;0.12;0.07;0;0;0;0;0;0;0
15.11.2023;0;0;;0;0;0;0;0;0;0.03;0.63;1.85;2.74;7.49;9.79;9.77;9;6.47;2.91;0.2;0;0;0;0;0;0;0
16.11.2023;0;0;;0;0;0;0;0;0;0.15;3.19;4.71;7.14;9.21;9.75;8.88;1.21;5.67;1.01;0.01;0;0;0;0;0;0;0
17.11.2023;0;0;;0;0;0;0;0;0;0.16;2.93;4.07;8.9;9.81;9.76;9.81;9.16;7.14;3.39;0.16;0;0;0;0;0;0;0
18.11.2023;0;0;;0;0;0;0;0;0;0.13;2.59;2.92;7.34;9.58;7.96;6.4;2.33;0.86;0.56;0.02;0;0;0;0;0;0;0
19.11.2023;0;0;;0;0;0;0;0;0;0;0.42;0.96;2.82;6.63;1.87;4.28;2.35;1.25;0.32;0.03;0;0;0;0;0;0;0
20.11.2023;0;0;;0;0;0;0;0;0;0.01;0.98;0.93;1.54;1.57;2.54;3.59;3.32;4.09;0.71;0;0;0;0;0;0;0;0
21.11.2023;0;0;;0;0;0;0;0;0;0.01;1.64;7.01;9.39;9.8;9.75;8.57;4.02;5.85;2.92;0.11;0;0;0;0;0;0;0
22.11.2023;0;0;;0;0;0;0;0;0;0.17;1.41;5.53;7;9.37;7.09;9.74;8.37;3.81;0.97;0.05;0;0;0;0;0;0;0
23.11.2023;0;0;;0;0;0;0;0;0;0.04;1.2;3.27;6.54;9.69;9.18;9.66;8.23;6.45;2.85;0.1;0;0;0;0;0;0;0
24.11.2023;0;0;;0;0;0;0;0;0;0.08;2.21;6.59;8.95;9.76;9.79;9.67;8.4;5.44;2.9;0.07;0;0;0;0;0;0;0
25.11.2023;0;0;;0;0;0;0;0;0;0.07;1.21;0.95;2.5;1.17;0.77;1.33;1.09;1.14;0.78;0.01;0;0;0;0;0;0;0
26.11.2023;0;0;;0;0;0;0;0;0;0.07;2.28;6.71;9.32;9.8;8.28;5.5;3.37;1.68;0.27;0;0;0;0;0;0;0;0
27.11.2023;0;0;;0;0;0;0;0;0;0;0.03;0.17;0.08;0;0;0;0;0;0;0;0;0;0;0;0;0;0
28.11.2023;0;0;;0;0;0;0;0;0;0.02;1.43;4.42;6.71;8.66;9.42;9.47;9.33;7.28;3.08;0.07;0;0;0;0;0;0;0
29.11.2023;0;0;;0;0;0;0;0;0;0.06;1.22;2.42;5.26;5.32;5.16;3.92;1.83;1.07;0.52;0;0;0;0;0;0;0;0
30.11.2023;0;0;;0;0;0;0;0;0;0.01;0.53;2.12;4.09;6.46;4.05;2.97;2.28;4.57;0.71;0.03;0;0;0;0;0;0;0
1.12.2023;0;0;;0;0;0;0;0;0;0.03;1.92;6.44;8.96;9.81;9.89;9.82;9.07;6.83;2.26;0.08;0;0;0;0;0;0;0
2.12.2023;0;0;;0;0;0;0;0;0;0.02;1.62;6.57;7.35;9.71;8.83;9.81;8.89;6.76;2.35;0.04;0;0;0;0;0;0;0
3.12.2023;0;0;;0;0;0;0;0;0;0.03;1.82;6.14;7.95;8.46;5.16;5.85;7.21;5.32;1.03;0.05;0;0;0;0;0;0;0
4.12.2023;0;0;;0;0;0;0;0;0;0;1.74;6.32;8.96;9.5;9.64;8.61;6.85;3.54;1.07;0.03;0;0;0;0;0;0;0
5.12.2023;0;0;;0;0;0;0;0;0;0;0.62;5.35;8.54;9.75;9.88;9.77;8.82;6.32;2.14;0.03;0;0;0;0;0;0;0
6.12.2023;0;0;;0;0;0;0;0;0;0;0.89;4.79;7.69;9.28;9.71;9.46;3.78;1.4;0.5;0;0;0;0;0;0;0;0
7.12.2023;0;0;;0;0;0;0;0;0;0.01;1.18;3.12;6.64;7.36;8.13;5.23;3.15;1.46;0.33;0.01;0;0;0;0;0;0;0
8.12.2023;0;0;;0;0;0;0;0;0;0.01;1.18;3.12;6.64;7.36;8.13;5.23;3.15;1.46;0.33;0.01;0;0;0;0;0;0;0
9.12.2023;0;0;;0;0;0;0;0;0;0;0;0.49;0.68;1.07;2.92;8.44;5.69;2.07;0.27;0;0;0;0;0;0;0;0
10.12.2023;0;0;;0;0;0;0;0;0;0;1.43;5.11;7.21;9.8;7.61;8.15;6.36;3.72;0.81;0.04;0;0;0;0;0;0;0
11.12.2023;0;0;;0;0;0;0;0;0;0;0.28;1.23;1.67;2;1.88;1.53;1.37;0.92;0.4;0;0;0;0;0;0;0;0
12.12.2023;0;0;;0;0;0;0;0;0;0;0.55;1.88;1.74;2.85;2.89;8.15;6.75;1.88;0.28;0;0;0;0;0;0;0;0
13.12.2023;0;0;;0;0;0;0;0;0;0;0.39;1.21;6.49;9.51;9.79;9.8;8.18;6.81;2.68;0.03;0;0;0;0;0;0;0
14.12.2023;0;0;;0;0;0;0;0;0;0;1.25;5.44;8.35;8.85;9.82;9.82;9.29;5.55;0.75;0.03;0;0;0;0;0;0;0
15.12.2023;0;0;;0;0;0;0;0;0;0.01;0.78;4.25;6.14;7.43;8.99;8.52;7.21;5.35;0.95;0.03;0;0;0;0;0;0;0
16.12.2023;0;0;;0;0;0;0;0;0;0;0.53;3.31;7.18;9.67;9.82;9.72;8.85;6.57;2.39;0.07;0;0;0;0;0;0;0
17.12.2023;0;0;;0;0;0;0;0;0;0;0.12;0.5;1.05;2.7;5.39;2.8;1.55;1.02;0.29;0.03;0;0;0;0;0;0;0
18.12.2023;0;0;;0;0;0;0;0;0;0;1.09;5.66;8.81;9.82;9.85;9.85;9.31;7.07;2.91;0.08;0;0;0;0;0;0;0
19.12.2023;0;0;;0;0;0;0;0;0;0;1.11;5.48;8.6;9.78;9.83;9.8;9.14;7.11;2.75;0.07;0;0;0;0;0;0;0
20.12.2023;0;0;;0;0;0;0;0;0;0.01;1.1;5.53;8.8;9.82;9.82;9.84;9.44;7.23;3.03;0.1;0;0;0;0;0;0;0
21.12.2023;0;0;;0;0;0;0;0;0;0;0.14;0.93;1.18;2.16;1.78;4.39;2.82;0.94;0.28;0.03;0;0;0;0;0;0;0
22.12.2023;0;0;;0;0;0;0;0;0;0;0.37;1.85;2;2.21;1.75;2.93;2.1;3.24;0.67;0.03;0;0;0;0;0;0;0
23.12.2023;0;0;;0;0;0;0;0;0;0;0.01;0.2;0.41;4.4;9.86;9.85;9.64;5.57;2.46;0.14;0;0;0;0;0;0;0
24.12.2023;0;0;;0;0;0;0;0;0;0;0.71;4.79;8.92;8.33;2.02;1.1;0.56;0.75;0.39;0.02;0;0;0;0;0;0;0
25.12.2023;0;0;;0;0;0;0;0;0;0;0.92;5.16;8.47;9.18;9.64;9.85;9.38;7.09;3.07;0.14;0;0;0;0;0;0;0
26.12.2023;0;0;;0;0;0;0;0;0;0;0.9;5.14;8.33;9.69;9.85;9.82;9.23;7.17;3.17;0.14;0;0;0;0;0;0;0
27.12.2023;0;0;;0;0;0;0;0;0;0;0.88;5.08;8.28;9.67;9.85;9.78;9.19;6.87;2.79;0.12;0;0;0;0;0;0;0
28.12.2023;0;0;;0;0;0;0;0;0;0;0.89;5.02;8.35;8.69;6.96;3.83;5.71;5.59;2.69;0.09;0;0;0;0;0;0;0
29.12.2023;0;0;;0;0;0;0;0;0;0;0.87;5.24;8.66;9.76;9.87;9.83;9.42;7.42;3.33;0.17;0;0;0;0;0;0;0
30.12.2023;0;0;;0;0;0;0;0;0;0;0.87;5.24;8.66;9.76;9.87;9.83;9.42;7.42;3.33;0.17;0;0;0;0;0;0;0
31.12.2023;0;0;;0;0;0;0;0;0;0;0.57;3.77;8.33;6.66;8.03;9.3;9;6.66;2.57;0.14;0;0;0;0;0;0;0
1.01.2024;0;0;;0;0;0;0;0;0;0;0.35;3.28;8.07;9.57;9.71;8.6;7.16;2.54;2.08;0.1;0;0;0;0;0;0;0
2.01.2024;0;0;;0;0;0;0;0;0;0;0.52;2.14;2.5;3.32;2.35;4.82;0.8;0.75;0.46;0.02;0;0;0;0;0;0;0
3.01.2024;0;0;;0;0;0;0;0;0;0;0.3;1.07;2.6;3.25;2.71;4.78;5.18;3.21;2.11;0.14;0;0;0;0;0;0;0
4.01.2024;0;0;;0;0;0;0;0;0;0;0.16;2.82;3.48;1.32;5.46;4.23;2.26;1.25;0.37;0;0;0;0;0;0;0;0
5.01.2024;0;0;;0;0;0;0;0;0;0.01;0.21;1.21;5.94;6.5;4.49;7.9;9.76;8.08;4.03;0.32;0;0;0;0;0;0;0
6.01.2024;0;0;;0;0;0;0;0;0;0;0.87;5.44;8.89;9.84;9.82;9.9;9.57;7.82;3.76;0.06;0;0;0;0;0;0;0
7.01.2024;0;0;;0;0;0;0;0;0;0;0.44;1.29;1.6;1.66;1.53;1.36;1.09;0.78;0.51;0.04;0;0;0;0;0;0;0
8.01.2024;0;0;;0;0;0;0;0;0;0;0.53;1.77;6.17;6.21;8.32;4.56;3.02;1.5;0.51;0.31;0;0;0;0;0;0;0
9.01.2024;0;0;;0;0;0;0;0;0;0;0.35;1.35;4.85;7.55;9.11;6.82;4.53;6.21;1.78;0.12;0;0;0;0;0;0;0
10.01.2024;0;0;;0;0;0;0;0;0;0;0.35;1.35;4.85;7.55;9.11;6.82;4.53;6.21;1.78;0.12;0;0;0;0;0;0;0
11.01.2024;0;0;;0;0;0;0;0;0;0;0.46;0.01;0.08;0.39;0.85;1.35;0.55;0.25;0.13;0;0;0;0;0;0;0;0
12.01.2024;0;0;;0;0;0;0;0;0;0;0.17;0.88;1.6;2.43;2.74;4.02;2.43;1.21;1.44;0.14;0;0;0;0;0;0;0
13.01.2024;0;0;;0;0;0;0;0;0;0;0.41;3.27;8.32;9.37;9.35;4.75;1.56;1.47;0.73;0.1;0;0;0;0;0;0;0
14.01.2024;0;0;;0;0;0;0;0;0;0;1.02;5.56;8.91;9.85;9.85;9.86;9.74;8.15;4.57;0.58;0;0;0;0;0;0;0
15.01.2024;0;0;;0;0;0;0;0;0;0;1.02;5.51;8.21;9.24;9.68;9.54;7.23;6.42;3.95;0.07;0;0;0;0;0;0;0
16.01.2024;0;0;;0;0;0;0;0;0;0;0.14;0.57;0.63;1.4;1.71;1.06;0.81;0.72;1;0.25;0;0;0;0;0;0;0
17.01.2024;0;0;;0;0;0;0;0;0;0;0.17;1.25;2.76;4.68;3.42;2.57;2.6;1.49;0.36;0.07;0;0;0;0;0;0;0
18.01.2024;0;0;;0;0;0;0;0;0;0;1;5.45;7.92;8.95;9.74;9.07;8.18;3.53;2.69;0.21;0;0;0;0;0;0;0
19.01.2024;0;0;;0;0;0;0;0;0;0;0.37;2.03;3.35;5.66;2.73;2.66;2.82;2.83;1.98;0.24;0;0;0;0;0;0;0
20.01.2024;0;0;;0;0;0;0;0;0;0;1;5.02;7.92;9.05;9.53;8.61;5.67;2.74;1.04;0.12;0;0;0;0;0;0;0
21.01.2024;0;0;;0;0;0;0;0;0;0;0.05;0.14;0.4;0.72;1.45;1.58;1.68;1.12;0.43;0.05;0;0;0;0;0;0;0
22.01.2024;0;0;;0;0;0;0;0;0;0;0.08;0.32;0.66;1.3;0.92;0.72;0.9;0.9;0.43;0.08;0;0;0;0;0;0;0
23.01.2024;0;0;;0;0;0;0;0;0;0;0.02;0.33;0.71;0.94;1.09;1.11;0.98;0.67;0.31;0.07;0;0;0;0;0;0;0
24.01.2024;0;0;;0;0;0;0;0;0;0.37;0.37;3.57;5.73;6.66;9.79;9.89;9.34;5.51;5.42;0.34;0;0;0;0;0;0;0
25.01.2024;0;0;;0;0;0;0;0;0;0;1.19;5.57;8.95;9.87;7.31;4.01;2.55;1.55;0.75;0.19;0;0;0;0;0;0;0
26.01.2024;0;0;;0;0;0;0;0;0;0;0.14;0.41;0.6;0.57;0.42;0.36;0.3;0.22;0.14;0.02;0;0;0;0;0;0;0
27.01.2024;0;0;;0;0;0;0;0;0;0;0;0.25;0.53;1.05;1.75;7.62;9.43;7.13;2.31;0.31;0;0;0;0;0;0;0
28.01.2024;0;0;;0;0;0;0;0;0;0;0.66;2.94;5.64;7.13;7.65;8.75;5.69;0.64;0.18;0.07;0;0;0;0;0;0;0
29.01.2024;0;0;;0;0;0;0;0;0;0;0.02;0.38;0.89;0.91;0.89;1.5;2.57;2.49;1.75;0.35;0;0;0;0;0;0;0
30.01.2024;0;0;;0;0;0;0;0;0;0;0.7;4.47;7.18;9.57;9.71;9.2;7.49;3.57;1.25;0.21;0;0;0;0;0;0;0
31.01.2024;0;0;;0;0;0;0;0;0;0.01;0.79;5.6;8.86;9.89;9.85;9.83;9.73;5.11;2.35;0.62;0;0;0;0;0;0;0
1.02.2024;0;0;;0;0;0;0;0;0;0.01;1.59;6.17;7.11;5.2;3.53;4.92;4.9;5.78;4.78;0.53;0;0;0;0;0;0;0
2.02.2024;0;0;;0;0;0;0;0;0;0.01;1.62;6.15;9.03;9.85;9.88;9.85;9.85;8.85;5.64;1.53;0;0;0;0;0;0;0
3.02.2024;0;0;;0;0;0;0;0;0;0.01;0.94;4.21;6.83;6.11;9.09;8.71;8.02;4.37;3.24;0.94;0;0;0;0;0;0;0
4.02.2024;0;0;;0;0;0;0;0;0;0.07;1.03;5.04;9.02;9.83;6.96;9.19;9;3.25;3.71;0.66;0;0;0;0;0;0;0
5.02.2024;0;0;;0;0;0;0;0;0;0;0.88;3.01;4.21;6.69;4.12;2.85;3.01;1.78;1.88;0;0;0;0;0;0;0;0
6.02.2024;0;0;;0;0;0;0;0;0;0;0.4;1.48;8.82;8.28;8.74;9.88;9.59;8.5;5.21;2.02;0.03;0;0;0;0;0;0
7.02.2024;0;0;;0;0;0;0;0;0;0.02;2.13;6.46;9.09;9.88;9.85;9.87;9.87;9.03;6.34;1.92;0;0;0;0;0;0;0
8.02.2024;0;0;;0;0;0;0;0;0;0.06;1.57;3.9;6.42;8.67;7.95;6.38;6.92;5.07;1.92;0.41;0;0;0;0;0;0;0
9.02.2024;0;0;;0;0;0;0;0;0;0.07;1.78;6.23;8.7;9.8;7.78;5.7;6.11;3.63;1.98;0.61;0;0;0;0;0;0;0
10.02.2024;0;0;;0;0;0;0;0;0;0.06;2.19;6.25;9.09;9.86;9.82;9.87;9.81;8.84;5.9;1.85;0.03;0;0;0;0;0;0
11.02.2024;0;0;;0;0;0;0;0;0;0.08;2.35;6.64;9.06;9.19;9.81;9.83;9.44;6.47;3.53;0.86;0.01;0;0;0;0;0;0
12.02.2024;0;0;;0;0;0;0;0;0;0.05;0.57;2.03;7.42;7.04;4.75;5.24;4.93;3.92;2.46;0.46;0;0;0;0;0;0;0
13.02.2024;0;0;;0;0;0;0;0;0;0;0.64;2.32;3.21;5.64;4.24;5.02;3.41;4.13;0.78;0.22;0;0;0;0;0;0;0
14.02.2024;0;0;;0;0;0;0;0;0;0.03;2.1;4.32;4.92;4.33;2.75;1.8;2.46;2.21;2.61;1;0.01;0;0;0;0;0;0
15.02.2024;0;0;;0;0;0;0;0;0;0.09;2.68;6.66;9.26;9.85;9.5;4.39;5.38;5.39;2.68;0.91;0.04;0;0;0;0;0;0
16.02.2024;0;0;;0;0;0;0;0;0;0.14;2.6;4.75;6.42;4.07;7.82;8.36;8.04;5.27;1.57;0.3;0;0;0;0;0;0;0
17.02.2024;0;0;;0;0;0;0;0;0;0.01;0.64;1.33;2.96;3.88;4.47;3.1;1.68;0.5;0.78;0.32;0.01;0;0;0;0;0;0
18.02.2024;0;0;;0;0;0;0;0;0;0.01;0.35;1.03;2.19;1.16;0.37;1.09;0.86;1.48;2.19;0.79;0.01;0;0;0;0;0;0
19.02.2024;0;0;;0;0;0;0;0;0;0.06;1.15;2.92;5.03;5.75;2.22;1.1;1.93;1.64;0.71;0.25;0.01;0;0;0;0;0;0
20.02.2024;0;0;;0;0;0;0;0;0;0.15;3.07;6.83;9.47;9.85;9.85;9.77;7.9;8.13;4.62;3.14;0.04;0;0;0;0;0;0
21.02.2024;0;0;;0;0;0;0;0;0;0.08;2.38;6.69;9.28;9.84;7.75;5.85;5.42;3.21;4.04;2.89;0.04;0;0;0;0;0;0
22.02.2024;0;0;;0;0;0;0;0;0;0.06;1.07;3.02;3.17;6.04;5.37;1.98;2.69;2.24;0.6;0.13;0.01;0;0;0;0;0;0
23.02.2024;0;0;;0;0;0;0;0;0;0.16;2.41;5.25;5.53;8.12;8.24;3.99;5.76;7.75;3.1;1.3;0.12;0;0;0;0;0;0
24.02.2024;0;0;;0;0;0;0;0;0;0.25;3.52;7.14;9.53;9.85;9.89;9.83;9.89;9.56;6.94;2.93;0.11;0;0;0;0;0;0
25.02.2024;0;0;;0;0;0;0;0;0;0.28;3.59;7.26;9.53;9.88;9.87;9.84;9.85;9.52;7.03;3.38;0.18;0;0;0;0;0;0
26.02.2024;0;0;;0;0;0;0;0;0;0.32;2.43;5.7;7.03;5.61;5.14;6.17;5.43;5.26;3.7;1.22;0.1;0;0;0;0;0;0
27.02.2024;0;0;;0;0;0;0;0;0;0.07;0.99;3.16;7.3;9.5;9.88;5.85;8.33;6.28;6.09;2.42;0.15;0;0;0;0;0;0
28.02.2024;0;0;;0;0;0;0;0;0;0.45;3.82;7.35;9.62;9.86;9.86;9.85;9.74;9.59;7.16;3.31;0.22;0;0;0;0;0;0
29.02.2024;0;0;;0;0;0;0;0;0;0.4;3.79;7.42;9.64;9.9;9.84;9.89;9.87;9.51;7.12;3.43;0.28;0;0;0;0;0;0
1.03.2024;0;0;;0;0;0;0;0;0;0.37;2.89;6.86;7.68;8.03;8.81;7.52;7.35;6.96;3.96;2.14;0.06;0;0;0;0;0;0
2.03.2024;0;0;;0;0;0;0;0;0;0.17;1.22;4.74;8.78;8.07;9.66;9.83;9.14;7.31;5.04;1.17;0.12;0;0;0;0;0;0
3.03.2024;0;0;;0;0;0;0;0;0;0.01;0.04;0.2;0.76;0.78;1.78;4.59;4.81;7.61;3.04;1.4;0.07;0;0;0;0;0;0
4.03.2024;0;0;;0;0;0;0;0;0;0.38;2.53;5.85;9.07;9.14;4.91;4.32;1.25;3.72;1.67;1.95;0.03;0;0;0;0;0;0
5.03.2024;0;0;;0;0;0;0;0;0;0.69;3.92;7.46;9.72;9.85;9.9;9.76;9.85;9.64;6.02;1.42;0.14;0;0;0;0;0;0
6.03.2024;0;0;;0;0;0;0;0;0;0.41;1.66;4;1.97;1.67;1.39;1.44;1.82;1.96;2.22;1.12;0.16;0;0;0;0;0;0
7.03.2024;0;0;;0;0;0;0;0;0;0.32;1.53;2.6;6.58;5.26;4.76;2.94;1.79;2.82;5.1;3.57;0.36;0;0;0;0;0;0
8.03.2024;0;0;;0;0;0;0;0;0;0.85;3.41;7.86;9.46;9.75;8.77;9.75;9.67;8;2.65;1.71;0.15;0;0;0;0;0;0
9.03.2024;0;0;;0;0;0;0;0;0;0;0.09;0.23;0.85;1.69;0.94;2.03;5.85;5.52;2.28;1.81;0.35;0;0;0;0;0;0
10.03.2024;0;0;;0;0;0;0;0;0;0.23;1.39;5.37;9.85;7.27;6.46;4.5;3.78;4.1;4.16;2.05;0.18;0;0;0;0;0;0
11.03.2024;0;0;;0;0;0;0;0;0;1.06;4.55;8.09;9.81;9.87;9.85;9.88;9.83;9.6;7.29;3.68;0.42;0;0;0;0;0;0
12.03.2024;0;0;;0;0;0;0;0;0;0.94;3.71;7.07;8.8;9.71;9.87;9.85;9.88;9.64;7.42;3.64;0.47;0;0;0;0;0;0
13.03.2024;0;0;;0;0;0;0;0;0;0.78;3.25;5.43;6.7;7.57;6.66;7;5.43;3.17;1.51;0.45;0.09;0;0;0;0;0;0
14.03.2024;0;0;;0;0;0;0;0;0;0.81;3.27;7.16;8.52;9.66;7.61;9.26;8.14;6.19;1.03;0.17;0;0;0;0;0;0;0
15.03.2024;0;0;;0;0;0;0;0;0;0.21;1.82;3.51;3.42;2.42;4.88;4.62;8.24;6.49;2.96;0.46;0.14;0;0;0;0;0;0
16.03.2024;0;0;;0;0;0;0;0;0;1.23;4.54;7.33;7.69;8.25;7.66;3.29;9.02;7.73;3.06;1.5;0.5;0;0;0;0;0;0
17.03.2024;0;0;;0;0;0;0;0;0;0.81;3.06;5;6.87;8.47;9.74;9.25;9.25;5;2.84;0.82;0.14;0;0;0;0;0;0
18.03.2024;0;0;;0;0;0;0;0;0;0.6;2.26;7.39;5.98;8.01;8.17;7.3;3.31;0.75;1.6;0.99;0.28;0;0;0;0;0;0
19.03.2024;0;0;;0;0;0;0;0;0.03;1.04;4.54;6.8;8.14;8.62;7.68;8.03;6.86;9.78;6.83;4.03;0.66;0;0;0;0;0;0
20.03.2024;0;0;;0;0;0;0;0;0.05;1.39;3.67;5.72;8.08;8.57;8.92;9.28;9.84;9.71;5.83;3.08;0.54;0;0;0;0;0;0
21.03.2024;0;0;;0;0;0;0;0;0;1.32;1.63;2.05;6.9;8.39;8.32;8.88;7.97;4.47;1.29;0.58;0.05;0;0;0;0;0;0
22.03.2024;0;0;;0;0;0;0;0;0;0.35;1.07;2.02;5.25;6.26;6.88;7.21;3.6;6.96;4.89;1.32;0.64;0;0;0;0;0;0
23.03.2024;0;0;;0;0;0;0;0;0.05;1.09;6.34;9.52;10;9.79;8.51;9.93;9.87;9.63;5;1.31;0.27;0;0;0;0;0;0
24.03.2024;0;0;;0;0;0;0;0;0.03;0.77;2.26;6.58;9.85;9.85;9.84;9.89;9.82;8.96;6.64;4.01;0.74;0;0;0;0;0;0
25.03.2024;0;0;;0;0;0;0;0;0.04;1.58;5.13;8.5;9.82;9.89;9.53;9.48;9.47;9.63;5.67;0.81;0.18;0;0;0;0;0;0
26.03.2024;0;0;;0;0;0;0;0;0;0.14;1.2;7.62;8.39;9.24;9.87;9.83;9.61;9.14;4.81;2;0.44;0;0;0;0;0;0
27.03.2024;0;0;;0;0;0;0;0;0;0.43;1.57;2.28;2.97;3.66;5.82;8.96;7.64;2.94;1.44;1.03;0.1;0;0;0;0;0;0
28.03.2024;0;0;;0;0;0;0;0;0.08;1.48;4.78;8;9.76;9.73;9.37;9.67;9.71;9.1;5.01;2.52;0.48;0;0;0;0;0;0
29.03.2024;0;0;;0;0;0;0;0;0.05;0.89;2.61;5.14;5.8;4.9;3.71;3.53;7.29;5.35;3.54;2.03;0.5;0;0;0;0;0;0
30.03.2024;0;0;;0;0;0;0;0;0.11;1.46;5.11;8.31;9.81;9.87;9.1;9.6;9.71;9.35;6.92;3.96;0.8;0;0;0;0;0;0
31.03.2024;0;0;;0;0;0;0;0;0.09;1.71;5.06;7.67;8.42;9.5;9.1;9.6;9.71;9.35;6.92;3.96;0.8;0;0;0;0;0;0
1.04.2024;0;0;;0;0;0;0;0;0.1;1.65;5.12;7.94;9.69;9.84;6.64;7.04;3.82;5.08;5.91;3.8;0.75;0;0;0;0;0;0
2.04.2024;0;0;;0;0;0;0;0;0.12;1.7;5.13;7.88;9.78;9.19;9.24;9.73;9.68;9.21;6.96;3.38;0.8;0;0;0;0;0;0
3.04.2024;0;0;;0;0;0;0;0;0.13;1.72;4.94;8.02;9.68;8.67;8.54;9.04;9.17;9.45;7.16;3.86;0.8;0;0;0;0;0;0
4.04.2024;0;0;;0;0;0;0;0;0.12;1.53;5.08;8.25;9.75;9.8;9.87;9.82;9.85;8.9;6.57;4.17;0.67;0.01;0;0;0;0;0
5.04.2024;0;0;;0;0;0;0;0;0.16;1.64;5.13;7.89;9.18;9.7;9.81;9.85;9.22;8.32;4.82;3.46;1.04;0.01;0;0;0;0;0
6.04.2024;0;0;;0;0;0;0;0;0.14;1.96;5.33;8.57;9.53;9.64;9.84;9.82;9.85;9.71;7.92;4.4;1.07;0.03;0;0;0;0;0
7.04.2024;0;0;;0;0;0;0;0;0.15;1.71;5.03;8.21;9.5;9.71;9.16;8.53;7.51;7.71;6.47;4.31;1.23;0.03;0;0;0;0;0
8.04.2024;0;0;;0;0;0;0;0;0.07;0.41;2.88;5.6;7.76;5.76;5.58;5.31;5;5;8.02;3.21;0.22;0;0;0;0;0;0
9.04.2024;0;0;;0;0;0;0;0;0.27;1.92;4.46;5.68;4.75;4.92;4.64;5.35;5.1;3.19;1.32;0.45;0.07;0;0;0;0;0;0
10.04.2024;0;0;;0;0;0;0;0;1.53;6.1;0.96;2.03;1.38;8.46;8.73;6.66;6.07;6.06;0.79;2.42;0.44;0.05;0;0;0;0;0
11.04.2024;0;0;;0;0;0;0;0;0.18;2.19;4.71;5.74;3.82;2.06;5.78;8.19;4.82;4.13;7.23;2.9;0.88;0.02;0;0;0;0;0
12.04.2024;0;0;;0;0;0;0;0;0.23;2.08;5.55;6.38;4.71;5.63;7.14;4.59;6.25;6.61;4.81;2.37;0.91;0.01;0;0;0;0;0
13.04.2024;0;0;;0;0;0;0;0;0.17;1.1;2.85;4.62;6.39;1.01;1.24;1.86;3.24;2.75;2.28;1.15;0.3;0;0;0;0;0;0
14.04.2024;0;0;;0;0;0;0;0;0.38;1.66;5;8.71;9.78;9.55;7.21;7.88;6.4;3.14;3.67;3.24;0.71;0.03;0;0;0;0;0
15.04.2024;0;0;;0;0;0;0;0;0.26;2.35;6.07;9.07;9.8;9.84;9.85;9.85;9.82;9.69;7.73;4.35;0.96;0.04;0;0;0;0;0
16.04.2024;0;0;;0;0;0;0;0;0.23;2.32;5.96;8.83;9.85;9.89;9.84;9.89;9.88;9.54;7.32;4.07;1;0.03;0;0;0;0;0
17.04.2024;0;0;;0;0;0;0;0;0.6;2.32;5.85;8.44;9.83;9.85;9.89;9.83;9.67;7.85;5;3.87;0.81;0.04;0;0;0;0;0
18.04.2024;0;0;;0;0;0;0;0;0.4;2.2;5.29;8.25;9.81;9.84;9.86;8.9;9.16;5.17;6.63;3.45;0.71;0.03;0;0;0;0;0
19.04.2024;0;0;;0;0;0;0;0;0.39;2.32;5.74;8.72;9.8;9.88;9.83;9.65;9.85;9.57;7.61;4.24;0.97;0.04;0;0;0;0;0
20.04.2024;0;0;;0;0;0;0;0;0.26;2.41;5;7.24;6.53;3.72;3.82;3.53;4.35;3.54;3.86;4.03;0.88;0.04;0;0;0;0;0
21.04.2024;0;0;;0;0;0;0;0;0.33;2.47;6.03;8.89;9.81;9.9;9.84;9.89;9.84;9.65;7.38;4.21;1.02;0.03;0;0;0;0;0
22.04.2024;0;0;;0;0;0;0;0;0.42;2.42;5.89;8.77;9.82;9.89;9.85;9.85;9.88;9.52;7.4;4.14;0.96;0.07;0;0;0;0;0
23.04.2024;0;0;;0;0;0;0;0;0.49;2.28;4.91;7.86;8.25;8.99;9.83;9.18;9.71;6.92;4.17;2.04;0.67;0.04;0;0;0;0;0
24.04.2024;0;0;;0;0;0;0;0;0.5;2.46;5.14;7.83;9.28;9.49;9.7;9.6;9.25;6.64;3.82;1.58;0.77;0.03;0;0;0;0;0
25.04.2024;0;0;;0;0;0;0;0;0.52;2.54;4.95;5.43;5.67;5.43;5.5;6.06;5.48;3.94;1.31;0.69;0.29;0;0;0;0;0;0
26.04.2024;0;0;;0;0;0;0;0;0.27;1.42;3.25;5.95;7.75;5.68;5.81;9.41;7.54;8.06;5.21;3.64;0.77;0.04;0;0;0;0;0
27.04.2024;0;0;;0;0;0;0;0;0.67;2.42;5.11;8.16;5.03;7.6;8.84;7.71;5.1;3.87;1.27;2.82;0.74;0.07;0;0;0;0;0
28.04.2024;0;0;;0;0;0;0;0;0.47;1.84;4.28;5.02;7.88;8.55;9.14;4.77;4.42;3.63;3.68;3.01;0.75;0.07;0;0;0;0;0
29.04.2024;0;0;;0;0;0;0;0;0.66;2.1;3.6;3.7;4.01;9.39;6.35;7.96;5.53;2.37;1.64;2.1;1.44;0.03;0;0;0;0;0
30.04.2024;0;0;;0;0;0;0;0;0.6;2.99;5.33;7.14;6.75;4.79;8.5;9.23;8.78;3.54;0.07;0.03;0.07;0.03;0;0;0;0;0
1.05.2024;0;0;;0;0;0;0;0;0.31;0.61;1.46;3.47;8;7.52;0.9;0.81;5.07;7.22;3.6;1.02;0.46;0.02;0;0;0;0;0
2.05.2024;0;0;;0;0;0;0;0;0.74;2.48;4.85;8.17;8.6;7.96;6.78;3.98;5.63;8.17;7.83;4.4;1.23;0.7;0;0;0;0;0
3.05.2024;0;0;;0;0;0;0;0;0.63;1.67;2.91;2.66;2.69;5;4.21;4.28;6.35;5.38;4.76;2.89;0.96;0.14;0;0;0;0;0
4.05.2024;0;0;;0;0;0;0;0.01;0.45;2.26;5.18;7.35;8.17;8.28;8.07;8.95;8.64;7.43;5.09;3.35;0.67;0;0;0;0;0;0
5.05.2024;0;0;;0;0;0;0;0;0.5;1.23;1.14;1.22;3.14;4.4;3.02;5.6;5.15;4.98;2.67;1.2;0.35;0.04;0;0;0;0;0
6.05.2024;0;0;;0;0;0;0;0.01;0.81;3.19;6.71;8.32;7.85;8.59;8.33;9;9.23;9.75;8.1;4.57;1.2;0.11;0;0;0;0;0
7.05.2024;0;0;;0;0;0;0;0.02;0.58;2.9;6.18;7.05;9.35;9.01;8.41;8.16;7.6;6.99;7.47;4.16;1.22;0.1;0;0;0;0;0
8.05.2024;0;0;;0;0;0;0;0.03;0.5;2.9;6.42;9.1;9.85;9.85;9.89;9.86;9.85;9.64;7.53;4.21;1.22;0.13;0;0;0;0;0
9.05.2024;0;0;;0;0;0;0;0.03;0.75;2.61;6.46;8.45;8.45;7.3;8.5;6.73;5.3;6.95;4.29;3.56;1.17;0.16;0;0;0;0;0
10.05.2024;0;0;;0;0;0;0;0.05;0.63;2.82;6.29;8.86;9.85;9.78;9.64;8.29;6.97;6.13;3.94;2.38;1.5;0.05;0;0;0;0;0
11.05.2024;0;0;;0;0;0;0;0.03;0.64;2.51;6.27;9.07;9.85;9.54;5.76;2.25;3.67;1.91;1.24;0.78;0.3;0;0;0;0;0;0
12.05.2024;0;0;;0;0;0;0;0;0;0;0;0;0;0;0;0;0;0;0;0;0;0;0;0;0;0;0
13.05.2024;0;0;;0;0;0;0;0.06;0.76;2.69;5.75;9.24;8.88;7.85;8.36;5.34;4.04;5.89;5.32;3.62;1.3;0.16;0;0;0;0;0
14.05.2024;0;0;;0;0;0;0;0.07;0.96;2.59;4.14;7.6;8.83;7.44;5.84;7.78;9.64;9.7;7.82;4.55;1.33;0.14;0;0;0;0;0
15.05.2024;0;0;;0;0;0;0;0.08;0.84;2.94;6.58;9.13;9.82;9.87;9.82;7.92;7.18;6;3.11;2.5;0.83;0.28;0;0;0;0;0
16.05.2024;0;0;;0;0;0;0;0.04;0.6;2.89;6.45;8.39;8.39;2.82;4.96;5.52;8.89;9.5;5.32;2.88;1.27;0.16;0;0;0;0;0
17.05.2024;0;0;;0;0;0;0;0.04;0.76;2.43;4.23;5.46;9.42;8.64;4.9;6.71;7.89;5.08;6.78;3.31;1.5;0.18;0;0;0;0;0
18.05.2024;0;0;;0;0;0;0;0.15;0.98;2.83;5.81;8.53;9.8;9.83;9.83;9.64;9.78;9.28;7.17;4.16;1.31;0.2;0;0;0;0;0
19.05.2024;0;0;;0;0;0;0;0;0.85;3.38;6.46;9.05;8.25;8.75;9.88;8.78;9.78;7.41;4.2;2.79;1;0.07;0;0;0;0;0
20.05.2024;0;0;;0;0;0;0;0.1;0.75;1.71;2.82;4.43;7.07;8.79;8;5.58;7.28;4.94;3.76;3.42;1.28;0.23;0;0;0;0;0
21.05.2024;0;0;;0;0;0;0;0.09;0.72;2.85;5.88;8.42;7.73;5.26;5;3.95;7.76;8.1;4.67;3.55;1.49;0.21;0;0;0;0;0
22.05.2024;0;0;;0;0;0;0;0.07;0.59;2.92;6.24;8.94;9.86;9.85;9.83;9.91;9.83;9.39;6.46;3.12;0.97;0.08;0;0;0;0;0
23.05.2024;0;0;;0;0;0;0;0.07;1;2.62;5.9;8.5;9.77;9.85;9.68;9.4;8.19;8.25;4.99;2.8;0.86;0.09;0;0;0;0;0
24.05.2024;0;0;;0;0;0;0;0;0.02;0.02;2.49;2.43;4.89;2.77;5.21;7.21;5.74;2.26;1.33;0;0;0;0;0;0;0;0
25.05.2024;0;0;;0;0;0;0;0;0;0;0;0;0;0;0;0;0;0;0;0;0;0;0;0;0;0;0
